epoch,step,train_loss,val_loss
0,114,,0.3470892608165741
0,114,0.4544096291065216,
1,229,,0.28016677498817444
1,229,0.2765956521034241,
2,344,,0.2209235578775406
2,344,0.24949605762958527,
3,459,,0.22893743216991425
3,459,0.23841622471809387,
4,574,,0.18583929538726807
4,574,0.22844260931015015,
