epoch,step,train_loss,val_loss
0,114,,6.729737758636475
0,114,0.4661843180656433,
1,229,,0.3021816313266754
1,229,0.29357922077178955,
2,344,,0.23587936162948608
2,344,0.26525557041168213,
3,459,,0.24468614161014557
3,459,0.2486792802810669,
4,574,,0.2100006639957428
4,574,0.23578213155269623,
