epoch,step,train_loss,val_loss
0,114,,0.3547639548778534
0,114,0.4752832055091858,
1,229,,0.27768951654434204
1,229,0.29749077558517456,
2,344,,0.25579899549484253
2,344,0.2684975862503052,
3,459,,0.24739423394203186
3,459,0.25208011269569397,
4,574,,0.20891563594341278
4,574,0.23603519797325134,
