epoch,step,train_loss,val_loss
0,114,,0.3266648054122925
0,114,0.46321552991867065,
1,229,,0.4112890660762787
1,229,0.2908698618412018,
2,344,,0.4264868199825287
2,344,0.2655668258666992,
3,459,,0.2512911558151245
3,459,0.24974140524864197,
4,574,,0.2630392014980316
4,574,0.2335350215435028,
