epoch,step,train_loss,val_loss
0,114,,0.5543653964996338
0,114,0.4483741521835327,
1,229,,0.283861368894577
1,229,0.27513647079467773,
2,344,,0.22108495235443115
2,344,0.25052815675735474,
3,459,,0.236540287733078
3,459,0.23377929627895355,
4,574,,0.2166939526796341
4,574,0.22174511849880219,
