epoch,step,train_loss,val_loss
0,114,,1.7081692218780518
0,114,2.0060603618621826,
1,229,,1.5539854764938354
1,229,1.572095513343811,
2,344,,1.4364763498306274
2,344,1.4809006452560425,
3,459,,1.3917678594589233
3,459,1.4121651649475098,
4,574,,1.366193175315857
4,574,1.3846055269241333,
