epoch,step,train_loss_epoch,train_loss_step,val_loss
0,0,,0.8998465538024902,
0,1,,0.8683750629425049,
0,2,,0.8306695222854614,
0,3,,0.7945337891578674,
0,4,,0.7785724997520447,
0,5,,0.7552750110626221,
0,6,,0.7250089645385742,
0,7,,0.723096489906311,
0,8,,0.7009021043777466,
0,9,,0.6838809847831726,
0,10,,0.6655160188674927,
0,11,,0.6454271674156189,
0,12,,0.6431328058242798,
0,13,,0.631022572517395,
0,14,,0.6066675782203674,
0,15,,0.620413064956665,
0,16,,0.6011497974395752,
0,17,,0.5818697214126587,
0,18,,0.5901776552200317,
0,19,,0.5647891163825989,
0,20,,0.5755597352981567,
0,21,,0.5667905807495117,
0,22,,0.539278507232666,
0,23,,0.5310568809509277,
0,24,,0.5404026508331299,
0,25,,0.5347427725791931,
0,26,,0.5063822865486145,
0,27,,0.5154895782470703,
0,28,,0.4970482587814331,
0,29,,0.4842033386230469,
0,30,,0.5067596435546875,
0,31,,0.49558621644973755,
0,32,,0.4646656811237335,
0,33,,0.47108888626098633,
0,34,,0.45681118965148926,
0,35,,0.45535820722579956,
0,36,,0.4366946220397949,
0,37,,0.45576709508895874,
0,38,,0.43630391359329224,
0,39,,0.42804887890815735,
0,40,,0.4263310134410858,
0,41,,0.43363088369369507,
0,42,,0.4303872883319855,
0,43,,0.4257050156593323,
0,44,,0.42861324548721313,
0,45,,0.40902015566825867,
0,46,,0.4092414379119873,
0,47,,0.3931432366371155,
0,48,,0.3991336524486542,
0,49,,0.4019727110862732,
0,50,,0.41251400113105774,
0,51,,0.39598512649536133,
0,52,,0.39358142018318176,
0,53,,0.3891531825065613,
0,54,,0.3881440758705139,
0,55,,0.38378646969795227,
0,56,,0.3765786290168762,
0,57,,0.38870832324028015,
0,58,,0.3762826919555664,
0,59,,0.3842126429080963,
0,60,,0.36387476325035095,
0,61,,0.35266000032424927,
0,62,,0.38066720962524414,
0,63,,0.36158299446105957,
0,64,,0.3478333652019501,
0,65,,0.36335229873657227,
0,66,,0.3648853898048401,
0,67,,0.3568614423274994,
0,68,,0.401675820350647,
0,68,,,0.3423217535018921
0,68,0.5107731819152832,,
1,69,,0.3355260491371155,
1,70,,0.3285768926143646,
1,71,,0.3512049615383148,
1,72,,0.35772958397865295,
1,73,,0.3503744602203369,
1,74,,0.3382187783718109,
1,75,,0.33596885204315186,
1,76,,0.32570934295654297,
1,77,,0.34296339750289917,
1,78,,0.3405658006668091,
1,79,,0.31727755069732666,
1,80,,0.3282228708267212,
1,81,,0.31459155678749084,
1,82,,0.3106973171234131,
1,83,,0.3055591881275177,
1,84,,0.30995824933052063,
1,85,,0.3223344385623932,
1,86,,0.30395153164863586,
1,87,,0.31209123134613037,
1,88,,0.2952785789966583,
1,89,,0.30309516191482544,
1,90,,0.2994183599948883,
1,91,,0.2939393222332001,
1,92,,0.2914917469024658,
1,93,,0.30432945489883423,
1,94,,0.2887609004974365,
1,95,,0.28794679045677185,
1,96,,0.2897240221500397,
1,97,,0.29502299427986145,
1,98,,0.28501594066619873,
1,99,,0.2772814631462097,
1,100,,0.27391985058784485,
1,101,,0.2861533463001251,
1,102,,0.26653212308883667,
1,103,,0.2893277406692505,
1,104,,0.2679896652698517,
1,105,,0.2748911678791046,
1,106,,0.26133641600608826,
1,107,,0.2603882849216461,
1,108,,0.25595295429229736,
1,109,,0.25903159379959106,
1,110,,0.2650004029273987,
1,111,,0.2665659785270691,
1,112,,0.2588888704776764,
1,113,,0.2506556510925293,
1,114,,0.25892525911331177,
1,115,,0.235846608877182,
1,116,,0.24022743105888367,
1,117,,0.25616833567619324,
1,118,,0.23569166660308838,
1,119,,0.2424391210079193,
1,120,,0.24043984711170197,
1,121,,0.2267056107521057,
1,122,,0.23702387511730194,
1,123,,0.2244272381067276,
1,124,,0.2237333208322525,
1,125,,0.22647309303283691,
1,126,,0.2264034003019333,
1,127,,0.24517978727817535,
1,128,,0.2231820821762085,
1,129,,0.23571768403053284,
1,130,,0.22319987416267395,
1,131,,0.22590819001197815,
1,132,,0.2214049994945526,
1,133,,0.21474455296993256,
1,134,,0.2246900498867035,
1,135,,0.22356587648391724,
1,136,,0.2100856453180313,
1,137,,0.20748688280582428,
1,137,,,0.22793079912662506
1,137,0.27636823058128357,,
2,138,,0.21693363785743713,
2,139,,0.233077734708786,
2,140,,0.20175251364707947,
2,141,,0.21304534375667572,
2,142,,0.20550522208213806,
2,143,,0.19670909643173218,
2,144,,0.213612362742424,
2,145,,0.19732241332530975,
2,146,,0.2099340260028839,
2,147,,0.20343786478042603,
2,148,,0.20201590657234192,
2,149,,0.19981035590171814,
2,150,,0.2010083794593811,
2,151,,0.20639418065547943,
2,152,,0.20803168416023254,
2,153,,0.19034962356090546,
2,154,,0.19804957509040833,
2,155,,0.18720948696136475,
2,156,,0.18952283263206482,
2,157,,0.18690547347068787,
2,158,,0.18452461063861847,
2,159,,0.18940389156341553,
2,160,,0.19147570431232452,
2,161,,0.18102580308914185,
2,162,,0.18730126321315765,
2,163,,0.18456950783729553,
2,164,,0.1715983748435974,
2,165,,0.20181716978549957,
2,166,,0.19508421421051025,
2,167,,0.18278518319129944,
2,168,,0.1712871640920639,
2,169,,0.18655860424041748,
2,170,,0.16962334513664246,
2,171,,0.19531917572021484,
2,172,,0.1684926599264145,
2,173,,0.17745491862297058,
2,174,,0.16973823308944702,
2,175,,0.16550281643867493,
2,176,,0.1667788326740265,
2,177,,0.15703184902668,
2,178,,0.16794472932815552,
2,179,,0.1714552491903305,
2,180,,0.16263270378112793,
2,181,,0.16741549968719482,
2,182,,0.16926485300064087,
2,183,,0.16991576552391052,
2,184,,0.15946117043495178,
2,185,,0.15942302346229553,
2,186,,0.16791751980781555,
2,187,,0.15613219141960144,
2,188,,0.16323727369308472,
2,189,,0.169139564037323,
2,190,,0.15411309897899628,
2,191,,0.15658891201019287,
2,192,,0.14214549958705902,
2,193,,0.14788390696048737,
2,194,,0.15664148330688477,
2,195,,0.15432435274124146,
2,196,,0.1515672653913498,
2,197,,0.15367312729358673,
2,198,,0.15569865703582764,
2,199,,0.16698941588401794,
2,200,,0.14563113451004028,
2,201,,0.1367374062538147,
2,202,,0.1409989595413208,
2,203,,0.14320008456707,
2,204,,0.145284041762352,
2,205,,0.1405784785747528,
2,206,,0.13844798505306244,
2,206,,,0.16045774519443512
2,206,0.17689985036849976,,
3,207,,0.15435084700584412,
3,208,,0.14182572066783905,
3,209,,0.15567299723625183,
3,210,,0.1420861780643463,
3,211,,0.1410495787858963,
3,212,,0.14755108952522278,
3,213,,0.14475567638874054,
3,214,,0.13042688369750977,
3,215,,0.14783203601837158,
3,216,,0.13504096865653992,
3,217,,0.13306069374084473,
3,218,,0.13748352229595184,
3,219,,0.13556790351867676,
3,220,,0.13768719136714935,
3,221,,0.14357858896255493,
3,222,,0.13815362751483917,
3,223,,0.13012491166591644,
3,224,,0.12941047549247742,
3,225,,0.12839294970035553,
3,226,,0.12641221284866333,
3,227,,0.1282462477684021,
3,228,,0.1392308473587036,
3,229,,0.13610507547855377,
3,230,,0.12490484118461609,
3,231,,0.13389572501182556,
3,232,,0.12140744924545288,
3,233,,0.13518944382667542,
3,234,,0.1269577443599701,
3,235,,0.12990115582942963,
3,236,,0.1401035487651825,
3,237,,0.12472950667142868,
3,238,,0.1236187219619751,
3,239,,0.1261959820985794,
3,240,,0.12276384234428406,
3,241,,0.13802674412727356,
3,242,,0.128454327583313,
3,243,,0.12126824259757996,
3,244,,0.11692408472299576,
3,245,,0.12679822742938995,
3,246,,0.12626492977142334,
3,247,,0.11852879077196121,
3,248,,0.12300785630941391,
3,249,,0.11749670654535294,
3,250,,0.13129141926765442,
3,251,,0.11708685755729675,
3,252,,0.11218179017305374,
3,253,,0.11599406599998474,
3,254,,0.11741605401039124,
3,255,,0.1187928318977356,
3,256,,0.10854743421077728,
3,257,,0.1041673943400383,
3,258,,0.11653783172369003,
3,259,,0.11008362472057343,
3,260,,0.11185044050216675,
3,261,,0.11898687481880188,
3,262,,0.10959164798259735,
3,263,,0.10651049017906189,
3,264,,0.11529180407524109,
3,265,,0.10965496301651001,
3,266,,0.12079532444477081,
3,267,,0.10455087572336197,
3,268,,0.10210780799388885,
3,269,,0.12761598825454712,
3,270,,0.1093304380774498,
3,271,,0.10650278627872467,
3,272,,0.104841448366642,
3,273,,0.10552632063627243,
3,274,,0.10701411962509155,
3,275,,0.1112653911113739,
3,275,,,0.11939564347267151
3,275,0.1253087818622589,,
4,276,,0.10578374564647675,
4,277,,0.10346518456935883,
4,278,,0.1027408093214035,
4,279,,0.10197295248508453,
4,280,,0.10244215279817581,
4,281,,0.10074224323034286,
4,282,,0.10982695966959,
4,283,,0.10438776016235352,
4,284,,0.11151401698589325,
4,285,,0.10748446732759476,
4,286,,0.11069868505001068,
4,287,,0.09954552352428436,
4,288,,0.10105157643556595,
4,289,,0.0997045636177063,
4,290,,0.10632746666669846,
4,291,,0.10301060229539871,
4,292,,0.09644660353660583,
4,293,,0.10694005340337753,
4,294,,0.10656240582466125,
4,295,,0.10468041896820068,
4,296,,0.1276245266199112,
4,297,,0.09136053919792175,
4,298,,0.0988631471991539,
4,299,,0.10528441518545151,
4,300,,0.11209078878164291,
4,301,,0.09688131511211395,
4,302,,0.10640072077512741,
4,303,,0.10888697952032089,
4,304,,0.10231853276491165,
4,305,,0.10186520963907242,
4,306,,0.11902841925621033,
4,307,,0.1169571578502655,
4,308,,0.10168938338756561,
4,309,,0.09961512684822083,
4,310,,0.11012617498636246,
4,311,,0.09942445904016495,
4,312,,0.1001700907945633,
4,313,,0.09754135459661484,
4,314,,0.10365137457847595,
4,315,,0.09732367098331451,
4,316,,0.0934026911854744,
4,317,,0.09768588095903397,
4,318,,0.09966666251420975,
4,319,,0.10404449701309204,
4,320,,0.0974646732211113,
4,321,,0.08662566542625427,
4,322,,0.09563115984201431,
4,323,,0.10718949884176254,
4,324,,0.0987597331404686,
4,325,,0.09830959141254425,
4,326,,0.0953354611992836,
4,327,,0.0933578759431839,
4,328,,0.09154612571001053,
4,329,,0.08852996677160263,
4,330,,0.10259255766868591,
4,331,,0.08366432785987854,
4,332,,0.09396733343601227,
4,333,,0.0906338095664978,
4,334,,0.10840444266796112,
4,335,,0.08538349717855453,
4,336,,0.0855487734079361,
4,337,,0.08533240109682083,
4,338,,0.09501432627439499,
4,339,,0.09774211049079895,
4,340,,0.09776433557271957,
4,341,,0.08811971545219421,
4,342,,0.09541215002536774,
4,343,,0.08597954362630844,
4,344,,0.0946362242102623,
4,344,,,0.10911455750465393
4,344,0.1003650650382042,,
5,345,,0.08416616916656494,
5,346,,0.08664445579051971,
5,347,,0.08445847034454346,
5,348,,0.08124177902936935,
5,349,,0.09391576796770096,
5,350,,0.08754593133926392,
5,351,,0.09096018970012665,
5,352,,0.08249586820602417,
5,353,,0.09058300405740738,
5,354,,0.08693698048591614,
5,355,,0.08745986223220825,
5,356,,0.0849096029996872,
5,357,,0.08681102842092514,
5,358,,0.08392500132322311,
5,359,,0.08987286686897278,
5,360,,0.08268319070339203,
5,361,,0.07913605123758316,
5,362,,0.0899602547287941,
5,363,,0.09600138664245605,
5,364,,0.07419712096452713,
5,365,,0.08894728124141693,
5,366,,0.08062954992055893,
5,367,,0.09032943844795227,
5,368,,0.0848749577999115,
5,369,,0.08233930170536041,
5,370,,0.09650904685258865,
5,371,,0.08014924824237823,
5,372,,0.0859532356262207,
5,373,,0.08823414891958237,
5,374,,0.09059558808803558,
5,375,,0.08745825290679932,
5,376,,0.08039280772209167,
5,377,,0.07911184430122375,
5,378,,0.08125578612089157,
5,379,,0.08353764563798904,
5,380,,0.0929466262459755,
5,381,,0.08501368761062622,
5,382,,0.07646733522415161,
5,383,,0.08289196342229843,
5,384,,0.08397453278303146,
5,385,,0.07076965272426605,
5,386,,0.08316145092248917,
5,387,,0.07679159939289093,
5,388,,0.07909534126520157,
5,389,,0.08149886876344681,
5,390,,0.07515233755111694,
5,391,,0.07796663790941238,
5,392,,0.07727941870689392,
5,393,,0.10325582325458527,
5,394,,0.07421761006116867,
5,395,,0.08429274708032608,
5,396,,0.09572591632604599,
5,397,,0.09043222665786743,
5,398,,0.0805944949388504,
5,399,,0.0770505964756012,
5,400,,0.09223142266273499,
5,401,,0.08324293047189713,
5,402,,0.0782821998000145,
5,403,,0.07944067567586899,
5,404,,0.08500172942876816,
5,405,,0.08305345475673676,
5,406,,0.08141759037971497,
5,407,,0.07458097487688065,
5,408,,0.07233106344938278,
5,409,,0.09058772027492523,
5,410,,0.07899152487516403,
5,411,,0.07632182538509369,
5,412,,0.08877421170473099,
5,413,,0.0953206941485405,
5,413,,,0.0943802148103714
5,413,0.08409503847360611,,
6,414,,0.07032112032175064,
6,415,,0.08444703370332718,
6,416,,0.07536720484495163,
6,417,,0.07843086123466492,
6,418,,0.07820896059274673,
6,419,,0.09317983686923981,
6,420,,0.0753188282251358,
6,421,,0.07227997481822968,
6,422,,0.07830338180065155,
6,423,,0.07395141571760178,
6,424,,0.07424946129322052,
6,425,,0.07015720009803772,
6,426,,0.07673732936382294,
6,427,,0.07030409574508667,
6,428,,0.07002373039722443,
6,429,,0.06978368759155273,
6,430,,0.0697982981801033,
6,431,,0.07507132738828659,
6,432,,0.07306650280952454,
6,433,,0.07350482046604156,
6,434,,0.07566095143556595,
6,435,,0.08675815165042877,
6,436,,0.0829380452632904,
6,437,,0.08368896692991257,
6,438,,0.07023082673549652,
6,439,,0.09070297330617905,
6,440,,0.08409271389245987,
6,441,,0.07019709795713425,
6,442,,0.08381982892751694,
6,443,,0.0773000419139862,
6,444,,0.08518737554550171,
6,445,,0.0656861886382103,
6,446,,0.08459040522575378,
6,447,,0.07282993197441101,
6,448,,0.07170967757701874,
6,449,,0.08004043251276016,
6,450,,0.08187802135944366,
6,451,,0.07135035842657089,
6,452,,0.0781690776348114,
6,453,,0.07187998294830322,
6,454,,0.07624959945678711,
6,455,,0.08345489203929901,
6,456,,0.07136482000350952,
6,457,,0.0769212618470192,
6,458,,0.0720178410410881,
6,459,,0.07562173902988434,
6,460,,0.06908863037824631,
6,461,,0.09188655018806458,
6,462,,0.0671568363904953,
6,463,,0.08236242830753326,
6,464,,0.072321817278862,
6,465,,0.08578398823738098,
6,466,,0.08031540364027023,
6,467,,0.07304620742797852,
6,468,,0.06492011249065399,
6,469,,0.071400485932827,
6,470,,0.07521189749240875,
6,471,,0.0749763548374176,
6,472,,0.07305799424648285,
6,473,,0.08379922062158585,
6,474,,0.08477908372879028,
6,475,,0.06669813394546509,
6,476,,0.0766606330871582,
6,477,,0.06470786035060883,
6,478,,0.07257048040628433,
6,479,,0.06856918334960938,
6,480,,0.07208401709794998,
6,481,,0.07428241521120071,
6,482,,0.0779065415263176,
6,482,,,0.10026515275239944
6,482,0.07606995105743408,,
7,483,,0.07379480451345444,
7,484,,0.07434774190187454,
7,485,,0.08033519983291626,
7,486,,0.06247149035334587,
7,487,,0.0696917325258255,
7,488,,0.08559834212064743,
7,489,,0.08241000771522522,
7,490,,0.07148587703704834,
7,491,,0.06462094932794571,
7,492,,0.07100960612297058,
7,493,,0.07872661203145981,
7,494,,0.06857424229383469,
7,495,,0.06164467707276344,
7,496,,0.06907281279563904,
7,497,,0.06506889313459396,
7,498,,0.06648311018943787,
7,499,,0.07503896951675415,
7,500,,0.06914349645376205,
7,501,,0.08129606395959854,
7,502,,0.06929583847522736,
7,503,,0.07127033174037933,
7,504,,0.06393389403820038,
7,505,,0.06460409611463547,
7,506,,0.06506352126598358,
7,507,,0.06351837515830994,
7,508,,0.06243537366390228,
7,509,,0.07417385280132294,
7,510,,0.06430179625749588,
7,511,,0.07850650697946548,
7,512,,0.06571517884731293,
7,513,,0.0645621120929718,
7,514,,0.06068386137485504,
7,515,,0.0731116235256195,
7,516,,0.07045449316501617,
7,517,,0.06380610167980194,
7,518,,0.06322365999221802,
7,519,,0.07388439774513245,
7,520,,0.06469210237264633,
7,521,,0.0638032928109169,
7,522,,0.06472968310117722,
7,523,,0.06885354965925217,
7,524,,0.07173097878694534,
7,525,,0.0683106780052185,
7,526,,0.060967616736888885,
7,527,,0.06904000788927078,
7,528,,0.06201539933681488,
7,529,,0.07800218462944031,
7,530,,0.06810324639081955,
7,531,,0.06296594440937042,
7,532,,0.07611143589019775,
7,533,,0.06851974129676819,
7,534,,0.06897988170385361,
7,535,,0.07027556002140045,
7,536,,0.0645434707403183,
7,537,,0.08519438654184341,
7,538,,0.06744957715272903,
7,539,,0.076081283390522,
7,540,,0.06714670360088348,
7,541,,0.07368329912424088,
7,542,,0.06608152389526367,
7,543,,0.06636477261781693,
7,544,,0.06972403824329376,
7,545,,0.06812028586864471,
7,546,,0.06706620752811432,
7,547,,0.06739424914121628,
7,548,,0.07075299322605133,
7,549,,0.0652972161769867,
7,550,,0.0690239816904068,
7,551,,0.1144641786813736,
7,551,,,0.08567552268505096
7,551,0.06941201537847519,,
8,552,,0.07112956047058105,
8,553,,0.073513463139534,
8,554,,0.06279481947422028,
8,555,,0.060342930257320404,
8,556,,0.06506270170211792,
8,557,,0.061550769954919815,
8,558,,0.0711461678147316,
8,559,,0.07670318335294724,
8,560,,0.05859604477882385,
8,561,,0.06102679669857025,
8,562,,0.06102995201945305,
8,563,,0.06127578765153885,
8,564,,0.06148119270801544,
8,565,,0.07053996622562408,
8,566,,0.06617631763219833,
8,567,,0.07286085188388824,
8,568,,0.06461846083402634,
8,569,,0.059441592544317245,
8,570,,0.062163591384887695,
8,571,,0.06576593965291977,
8,572,,0.06501957774162292,
8,573,,0.06676691025495529,
8,574,,0.06302906572818756,
8,575,,0.05921093374490738,
8,576,,0.06812191754579544,
8,577,,0.06503041833639145,
8,578,,0.06255123019218445,
8,579,,0.06838617473840714,
8,580,,0.07493896782398224,
8,581,,0.0663902759552002,
8,582,,0.0608384944498539,
8,583,,0.06397178769111633,
8,584,,0.05804724991321564,
8,585,,0.06363530457019806,
8,586,,0.05858101695775986,
8,587,,0.0631481409072876,
8,588,,0.05865824222564697,
8,589,,0.05643465369939804,
8,590,,0.07246388494968414,
8,591,,0.06024453043937683,
8,592,,0.06957781314849854,
8,593,,0.06738100945949554,
8,594,,0.059270553290843964,
8,595,,0.0656932145357132,
8,596,,0.06322842836380005,
8,597,,0.07190889865159988,
8,598,,0.07076315581798553,
8,599,,0.06874971091747284,
8,600,,0.058202341198921204,
8,601,,0.056320346891880035,
8,602,,0.060741618275642395,
8,603,,0.05804120749235153,
8,604,,0.06060241907835007,
8,605,,0.06381332874298096,
8,606,,0.06022775173187256,
8,607,,0.059636518359184265,
8,608,,0.0630636066198349,
8,609,,0.06024789810180664,
8,610,,0.06383006274700165,
8,611,,0.05451226606965065,
8,612,,0.07045936584472656,
8,613,,0.05565304681658745,
8,614,,0.05948644131422043,
8,615,,0.06154252588748932,
8,616,,0.060313630849123,
8,617,,0.059353746473789215,
8,618,,0.06160666048526764,
8,619,,0.0730975866317749,
8,620,,0.0597793310880661,
8,620,,,0.07528741657733917
8,620,0.06381633132696152,,
9,621,,0.06131570786237717,
9,622,,0.05699758976697922,
9,623,,0.07061423361301422,
9,624,,0.05810776352882385,
9,625,,0.05719011649489403,
9,626,,0.061971746385097504,
9,627,,0.06239164620637894,
9,628,,0.06732723861932755,
9,629,,0.05527309328317642,
9,630,,0.0707506537437439,
9,631,,0.06978113949298859,
9,632,,0.062356479465961456,
9,633,,0.06636388599872589,
9,634,,0.053528301417827606,
9,635,,0.056077390909194946,
9,636,,0.06747110188007355,
9,637,,0.06188470125198364,
9,638,,0.06002742797136307,
9,639,,0.07394880056381226,
9,640,,0.06147800385951996,
9,641,,0.057723212987184525,
9,642,,0.06376004219055176,
9,643,,0.06346415728330612,
9,644,,0.05711643770337105,
9,645,,0.06210115924477577,
9,646,,0.05882347747683525,
9,647,,0.05763287469744682,
9,648,,0.0625431090593338,
9,649,,0.054373789578676224,
9,650,,0.05908891186118126,
9,651,,0.06572550535202026,
9,652,,0.07039661705493927,
9,653,,0.0600178986787796,
9,654,,0.07387842983007431,
9,655,,0.05911693349480629,
9,656,,0.05830579251050949,
9,657,,0.04868941381573677,
9,658,,0.05382111668586731,
9,659,,0.0607123039662838,
9,660,,0.09031735360622406,
9,661,,0.08036836981773376,
9,662,,0.05520874261856079,
9,663,,0.05671049281954765,
9,664,,0.05549050122499466,
9,665,,0.06864719092845917,
9,666,,0.06918680667877197,
9,667,,0.056353695690631866,
9,668,,0.05823579430580139,
9,669,,0.05774954706430435,
9,670,,0.05352813005447388,
9,671,,0.05129994451999664,
9,672,,0.05903131514787674,
9,673,,0.0634707510471344,
9,674,,0.05281264707446098,
9,675,,0.057567983865737915,
9,676,,0.06127713620662689,
9,677,,0.058806225657463074,
9,678,,0.05899931862950325,
9,679,,0.055153004825115204,
9,680,,0.05453810095787048,
9,681,,0.06389612704515457,
9,682,,0.05493580177426338,
9,683,,0.0521157905459404,
9,684,,0.06649405509233475,
9,685,,0.0531952902674675,
9,686,,0.06687027215957642,
9,687,,0.05880017578601837,
9,688,,0.06251709163188934,
9,689,,0.1069871038198471,
9,689,,,0.0754222571849823
9,689,0.06119777262210846,,
10,690,,0.05806976556777954,
10,691,,0.08452899754047394,
10,692,,0.06384944915771484,
10,693,,0.07176785916090012,
10,694,,0.09408170729875565,
10,695,,0.07102128118276596,
10,696,,0.07162614166736603,
10,697,,0.07302897423505783,
10,698,,0.06715001165866852,
10,699,,0.06904967129230499,
10,700,,0.07277899980545044,
10,701,,0.06199610233306885,
10,702,,0.08294939994812012,
10,703,,0.062039002776145935,
10,704,,0.07585610449314117,
10,705,,0.06171318143606186,
10,706,,0.07414336502552032,
10,707,,0.07124646753072739,
10,708,,0.06609266251325607,
10,709,,0.05995158106088638,
10,710,,0.06772515922784805,
10,711,,0.07750551402568817,
10,712,,0.0692448765039444,
10,713,,0.06122317537665367,
10,714,,0.07296061515808105,
10,715,,0.0623612105846405,
10,716,,0.05494667962193489,
10,717,,0.06376777589321136,
10,718,,0.06742878258228302,
10,719,,0.061545465141534805,
10,720,,0.07114969193935394,
10,721,,0.0742136538028717,
10,722,,0.07091141492128372,
10,723,,0.07081608474254608,
10,724,,0.06601156294345856,
10,725,,0.057845138013362885,
10,726,,0.06375020742416382,
10,727,,0.056894708424806595,
10,728,,0.06254178285598755,
10,729,,0.06805869936943054,
10,730,,0.05444210767745972,
10,731,,0.06026308983564377,
10,732,,0.06667354702949524,
10,733,,0.058410290628671646,
10,734,,0.07429920881986618,
10,735,,0.07093728333711624,
10,736,,0.053553834557533264,
10,737,,0.06887456029653549,
10,738,,0.06011701375246048,
10,739,,0.05487113445997238,
10,740,,0.0672372430562973,
10,741,,0.0716501846909523,
10,742,,0.05779743194580078,
10,743,,0.05799996852874756,
10,744,,0.05851117521524429,
10,745,,0.06577499210834503,
10,746,,0.06370508670806885,
10,747,,0.058569736778736115,
10,748,,0.06762062013149261,
10,749,,0.05607426166534424,
10,750,,0.059287652373313904,
10,751,,0.06197650358080864,
10,752,,0.0580422580242157,
10,753,,0.05425941199064255,
10,754,,0.06134157255291939,
10,755,,0.05441476032137871,
10,756,,0.0546712800860405,
10,757,,0.062478601932525635,
10,758,,0.05277170240879059,
10,758,,,0.08415699005126953
10,758,0.06538412719964981,,
11,759,,0.06353741884231567,
11,760,,0.05007296800613403,
11,761,,0.057892292737960815,
11,762,,0.06952857971191406,
11,763,,0.05744004249572754,
11,764,,0.0634077787399292,
11,765,,0.06064806878566742,
11,766,,0.057757794857025146,
11,767,,0.062811478972435,
11,768,,0.058606915175914764,
11,769,,0.05559215694665909,
11,770,,0.060078032314777374,
11,771,,0.054828137159347534,
11,772,,0.059823986142873764,
11,773,,0.06005685403943062,
11,774,,0.05140732228755951,
11,775,,0.05454419553279877,
11,776,,0.054029688239097595,
11,777,,0.05932793766260147,
11,778,,0.05145496129989624,
11,779,,0.05863630399107933,
11,780,,0.06573600322008133,
11,781,,0.06802624464035034,
11,782,,0.05038987845182419,
11,783,,0.060384802520275116,
11,784,,0.051844947040081024,
11,785,,0.0613485649228096,
11,786,,0.07355275005102158,
11,787,,0.053152427077293396,
11,788,,0.05608891695737839,
11,789,,0.06631291657686234,
11,790,,0.055031683295965195,
11,791,,0.05079016089439392,
11,792,,0.057754918932914734,
11,793,,0.05050081014633179,
11,794,,0.04764196276664734,
11,795,,0.0562177374958992,
11,796,,0.057083286345005035,
11,797,,0.0521855354309082,
11,798,,0.054091840982437134,
11,799,,0.04742385074496269,
11,800,,0.05508135259151459,
11,801,,0.056203775107860565,
11,802,,0.05354557931423187,
11,803,,0.0516483336687088,
11,804,,0.06316868960857391,
11,805,,0.04939771443605423,
11,806,,0.054622188210487366,
11,807,,0.05216556787490845,
11,808,,0.05964282900094986,
11,809,,0.048157088458538055,
11,810,,0.05333244055509567,
11,811,,0.04980254918336868,
11,812,,0.0539887398481369,
11,813,,0.05673126131296158,
11,814,,0.0707680881023407,
11,815,,0.05163605138659477,
11,816,,0.047420017421245575,
11,817,,0.057295434176921844,
11,818,,0.05858144909143448,
11,819,,0.061043255031108856,
11,820,,0.05537566542625427,
11,821,,0.050664715468883514,
11,822,,0.05632694438099861,
11,823,,0.05176841467618942,
11,824,,0.054564252495765686,
11,825,,0.061881210654973984,
11,826,,0.05593471974134445,
11,827,,0.05306420847773552,
11,827,,,0.07690214365720749
11,827,0.056578680872917175,,
12,828,,0.054063212126493454,
12,829,,0.047424059361219406,
12,830,,0.04829593002796173,
12,831,,0.05552283674478531,
12,832,,0.06159612536430359,
12,833,,0.07738243043422699,
12,834,,0.060572028160095215,
12,835,,0.05717553198337555,
12,836,,0.05574473738670349,
12,837,,0.0638052448630333,
12,838,,0.05663325637578964,
12,839,,0.05258303880691528,
12,840,,0.05721054971218109,
12,841,,0.05495639145374298,
12,842,,0.06980910897254944,
12,843,,0.060241371393203735,
12,844,,0.07769504189491272,
12,845,,0.057588957250118256,
12,846,,0.052426859736442566,
12,847,,0.05764651671051979,
12,848,,0.05233727768063545,
12,849,,0.052711427211761475,
12,850,,0.0573936328291893,
12,851,,0.060947731137275696,
12,852,,0.048686638474464417,
12,853,,0.058523498475551605,
12,854,,0.0533689521253109,
12,855,,0.055793896317481995,
12,856,,0.06014019250869751,
12,857,,0.05823596566915512,
12,858,,0.05676092952489853,
12,859,,0.048742249608039856,
12,860,,0.04703652858734131,
12,861,,0.05653505027294159,
12,862,,0.05447032302618027,
12,863,,0.0496847927570343,
12,864,,0.051583994179964066,
12,865,,0.05032404512166977,
12,866,,0.05180586129426956,
12,867,,0.05246175080537796,
12,868,,0.049225594848394394,
12,869,,0.05442827194929123,
12,870,,0.05467860400676727,
12,871,,0.05046150088310242,
12,872,,0.06406395137310028,
12,873,,0.048883743584156036,
12,874,,0.05669613927602768,
12,875,,0.05183796584606171,
12,876,,0.04984775930643082,
12,877,,0.05358032137155533,
12,878,,0.051532916724681854,
12,879,,0.057700347155332565,
12,880,,0.05035772547125816,
12,881,,0.05849282443523407,
12,882,,0.05280081927776337,
12,883,,0.04955673962831497,
12,884,,0.0575459748506546,
12,885,,0.055573008954524994,
12,886,,0.052046723663806915,
12,887,,0.05703873559832573,
12,888,,0.056602075695991516,
12,889,,0.04673073813319206,
12,890,,0.05122837424278259,
12,891,,0.05355601757764816,
12,892,,0.04862380400300026,
12,893,,0.04914125055074692,
12,894,,0.05511283501982689,
12,895,,0.05253891274333,
12,896,,0.048037365078926086,
12,896,,,0.07103552669286728
12,896,0.05507238954305649,,
13,897,,0.04603016376495361,
13,898,,0.04876421391963959,
13,899,,0.052080847322940826,
13,900,,0.057488299906253815,
13,901,,0.046353474259376526,
13,902,,0.051559239625930786,
13,903,,0.05691801756620407,
13,904,,0.058067213743925095,
13,905,,0.049822352826595306,
13,906,,0.053589314222335815,
13,907,,0.04856288433074951,
13,908,,0.046772245317697525,
13,909,,0.05341978371143341,
13,910,,0.05631503462791443,
13,911,,0.0545816496014595,
13,912,,0.055041924118995667,
13,913,,0.0587223619222641,
13,914,,0.046049490571022034,
13,915,,0.06400648504495621,
13,916,,0.04350581020116806,
13,917,,0.04700827598571777,
13,918,,0.046212248504161835,
13,919,,0.04629135876893997,
13,920,,0.05344163626432419,
13,921,,0.045089241117239,
13,922,,0.0619812086224556,
13,923,,0.042085036635398865,
13,924,,0.04209808260202408,
13,925,,0.052462004125118256,
13,926,,0.054403796792030334,
13,927,,0.04932943731546402,
13,928,,0.05332425981760025,
13,929,,0.06065589189529419,
13,930,,0.05779525637626648,
13,931,,0.06756004691123962,
13,932,,0.05060022324323654,
13,933,,0.04876203462481499,
13,934,,0.054392389953136444,
13,935,,0.04581517353653908,
13,936,,0.03973596170544624,
13,937,,0.0587896853685379,
13,938,,0.054032064974308014,
13,939,,0.05586117506027222,
13,940,,0.04579564556479454,
13,941,,0.05244249105453491,
13,942,,0.044932711869478226,
13,943,,0.05317079648375511,
13,944,,0.04622023180127144,
13,945,,0.05065775662660599,
13,946,,0.044726625084877014,
13,947,,0.05148407071828842,
13,948,,0.06183811277151108,
13,949,,0.04777716100215912,
13,950,,0.04559873789548874,
13,951,,0.0461810901761055,
13,952,,0.049224261194467545,
13,953,,0.051122602075338364,
13,954,,0.06254535913467407,
13,955,,0.04499353468418121,
13,956,,0.04466520994901657,
13,957,,0.05244746804237366,
13,958,,0.057056158781051636,
13,959,,0.04858502000570297,
13,960,,0.04757329076528549,
13,961,,0.05526368319988251,
13,962,,0.04612021893262863,
13,963,,0.05474761873483658,
13,964,,0.053647637367248535,
13,965,,0.07938110083341599,
13,965,,,0.08079913258552551
13,965,0.051436591893434525,,
14,966,,0.06386525183916092,
14,967,,0.06027957797050476,
14,968,,0.0435275100171566,
14,969,,0.050013959407806396,
14,970,,0.06549175828695297,
14,971,,0.05403035879135132,
14,972,,0.07105264067649841,
14,973,,0.04459037631750107,
14,974,,0.0522385835647583,
14,975,,0.05925038456916809,
14,976,,0.05681440979242325,
14,977,,0.058844566345214844,
14,978,,0.053221121430397034,
14,979,,0.04412006586790085,
14,980,,0.04378804564476013,
14,981,,0.05087491124868393,
14,982,,0.05744750052690506,
14,983,,0.04409116506576538,
14,984,,0.03982757031917572,
14,985,,0.053156107664108276,
14,986,,0.05395474284887314,
14,987,,0.04593339562416077,
14,988,,0.05676615983247757,
14,989,,0.049679674208164215,
14,990,,0.05709799751639366,
14,991,,0.0546502023935318,
14,992,,0.04429291933774948,
14,993,,0.05001125857234001,
14,994,,0.05052318423986435,
14,995,,0.05424585938453674,
14,996,,0.049314890056848526,
14,997,,0.044696588069200516,
14,998,,0.04950308799743652,
14,999,,0.058827199041843414,
14,1000,,0.050741445273160934,
14,1001,,0.050409864634275436,
14,1002,,0.04404151067137718,
14,1003,,0.05324180796742439,
14,1004,,0.0440363772213459,
14,1005,,0.04309924691915512,
14,1006,,0.04718467965722084,
14,1007,,0.04296991229057312,
14,1008,,0.045609183609485626,
14,1009,,0.06826774030923843,
14,1010,,0.05457976460456848,
14,1011,,0.04430851712822914,
14,1012,,0.05846492946147919,
14,1013,,0.049678973853588104,
14,1014,,0.06260962039232254,
14,1015,,0.061211854219436646,
14,1016,,0.05152168869972229,
14,1017,,0.050758473575115204,
14,1018,,0.048558276146650314,
14,1019,,0.05534118786454201,
14,1020,,0.04169241338968277,
14,1021,,0.04209393635392189,
14,1022,,0.053399574011564255,
14,1023,,0.05011473596096039,
14,1024,,0.05115928500890732,
14,1025,,0.04215800017118454,
14,1026,,0.05110114812850952,
14,1027,,0.052096687257289886,
14,1028,,0.05948843061923981,
14,1029,,0.05554039776325226,
14,1030,,0.04862106591463089,
14,1031,,0.04982330650091171,
14,1032,,0.0491737425327301,
14,1033,,0.0540938600897789,
14,1034,,0.04750536382198334,
14,1034,,,0.06936679035425186
14,1034,0.051657289266586304,,
15,1035,,0.05828385800123215,
15,1036,,0.04021964967250824,
15,1037,,0.05406541749835014,
15,1038,,0.04975280538201332,
15,1039,,0.05227675288915634,
15,1040,,0.04596589133143425,
15,1041,,0.045338697731494904,
15,1042,,0.049953944981098175,
15,1043,,0.05116543918848038,
15,1044,,0.04687413200736046,
15,1045,,0.05192336440086365,
15,1046,,0.040964264422655106,
15,1047,,0.0467715710401535,
15,1048,,0.04743483290076256,
15,1049,,0.05859244614839554,
15,1050,,0.04994896799325943,
15,1051,,0.04368610680103302,
15,1052,,0.06089199334383011,
15,1053,,0.05164086073637009,
15,1054,,0.04732746630907059,
15,1055,,0.051256366074085236,
15,1056,,0.045135825872421265,
15,1057,,0.04461149498820305,
15,1058,,0.05148162320256233,
15,1059,,0.05730652064085007,
15,1060,,0.04616575688123703,
15,1061,,0.04555215314030647,
15,1062,,0.051651481539011,
15,1063,,0.06271087378263474,
15,1064,,0.05040755867958069,
15,1065,,0.05302705615758896,
15,1066,,0.055560626089572906,
15,1067,,0.054664961993694305,
15,1068,,0.05189365893602371,
15,1069,,0.05961013585329056,
15,1070,,0.04927688091993332,
15,1071,,0.06963469088077545,
15,1072,,0.047351814806461334,
15,1073,,0.04559079557657242,
15,1074,,0.052218396216630936,
15,1075,,0.05271148681640625,
15,1076,,0.046089768409729004,
15,1077,,0.06550940871238708,
15,1078,,0.05403096228837967,
15,1079,,0.04399647191166878,
15,1080,,0.05384232848882675,
15,1081,,0.048433542251586914,
15,1082,,0.061434872448444366,
15,1083,,0.051941171288490295,
15,1084,,0.046327631920576096,
15,1085,,0.05004052817821503,
15,1086,,0.05718012899160385,
15,1087,,0.05853812396526337,
15,1088,,0.06145476549863815,
15,1089,,0.05289433151483536,
15,1090,,0.04918757826089859,
15,1091,,0.05013001710176468,
15,1092,,0.052129533141851425,
15,1093,,0.04815381020307541,
15,1094,,0.05602974072098732,
15,1095,,0.04877427965402603,
15,1096,,0.04829619079828262,
15,1097,,0.0476008802652359,
15,1098,,0.04595217853784561,
15,1099,,0.04878518357872963,
15,1100,,0.048062048852443695,
15,1101,,0.043246228247880936,
15,1102,,0.04720589146018028,
15,1103,,0.07473178207874298,
15,1103,,,0.08264630287885666
15,1103,0.05116342008113861,,
16,1104,,0.06239313632249832,
16,1105,,0.04557710513472557,
16,1106,,0.04806673526763916,
16,1107,,0.04754192754626274,
16,1108,,0.05365907400846481,
16,1109,,0.052332803606987,
16,1110,,0.0568295419216156,
16,1111,,0.06394004076719284,
16,1112,,0.05040480196475983,
16,1113,,0.04501355066895485,
16,1114,,0.04373644292354584,
16,1115,,0.04133275896310806,
16,1116,,0.050772082060575485,
16,1117,,0.04378761723637581,
16,1118,,0.051757678389549255,
16,1119,,0.04911527782678604,
16,1120,,0.054945021867752075,
16,1121,,0.05122331157326698,
16,1122,,0.04751806706190109,
16,1123,,0.05472775548696518,
16,1124,,0.06377234309911728,
16,1125,,0.05208725854754448,
16,1126,,0.043230537325143814,
16,1127,,0.048565104603767395,
16,1128,,0.050200894474983215,
16,1129,,0.05097981542348862,
16,1130,,0.04629331827163696,
16,1131,,0.05039074644446373,
16,1132,,0.045291975140571594,
16,1133,,0.05558055266737938,
16,1134,,0.05543086305260658,
16,1135,,0.0409412607550621,
16,1136,,0.059772200882434845,
16,1137,,0.04915134608745575,
16,1138,,0.05415385216474533,
16,1139,,0.04373842477798462,
16,1140,,0.05141330510377884,
16,1141,,0.045353904366493225,
16,1142,,0.050672747194767,
16,1143,,0.043453019112348557,
16,1144,,0.050956133753061295,
16,1145,,0.043926503509283066,
16,1146,,0.047290652990341187,
16,1147,,0.05626949667930603,
16,1148,,0.04496439918875694,
16,1149,,0.05533056706190109,
16,1150,,0.047486331313848495,
16,1151,,0.047299645841121674,
16,1152,,0.04241335391998291,
16,1153,,0.037963200360536575,
16,1154,,0.04510361701250076,
16,1155,,0.04852491244673729,
16,1156,,0.046862684190273285,
16,1157,,0.04952925071120262,
16,1158,,0.051399968564510345,
16,1159,,0.04648050665855408,
16,1160,,0.03802826255559921,
16,1161,,0.0447688102722168,
16,1162,,0.053140655159950256,
16,1163,,0.047663040459156036,
16,1164,,0.043206587433815,
16,1165,,0.045438822358846664,
16,1166,,0.050789445638656616,
16,1167,,0.0428827628493309,
16,1168,,0.05034845322370529,
16,1169,,0.04313552379608154,
16,1170,,0.05097857117652893,
16,1171,,0.054211363196372986,
16,1172,,0.07466365396976471,
16,1172,,,0.07258442044258118
16,1172,0.04918713867664337,,
17,1173,,0.047353219240903854,
17,1174,,0.050001196563243866,
17,1175,,0.04913384094834328,
17,1176,,0.0515589565038681,
17,1177,,0.045954685658216476,
17,1178,,0.04391918703913689,
17,1179,,0.04604551941156387,
17,1180,,0.03999945521354675,
17,1181,,0.0462656132876873,
17,1182,,0.048173148185014725,
17,1183,,0.06631007790565491,
17,1184,,0.0427079014480114,
17,1185,,0.04072120040655136,
17,1186,,0.05306234210729599,
17,1187,,0.037386924028396606,
17,1188,,0.056214589625597,
17,1189,,0.05131567269563675,
17,1190,,0.046661779284477234,
17,1191,,0.04809744283556938,
17,1192,,0.04266749694943428,
17,1193,,0.04314969480037689,
17,1194,,0.04539169371128082,
17,1195,,0.04373476654291153,
17,1196,,0.04567237198352814,
17,1197,,0.04724600166082382,
17,1198,,0.04486025869846344,
17,1199,,0.05913074314594269,
17,1200,,0.055234961211681366,
17,1201,,0.05029921233654022,
17,1202,,0.04827378690242767,
17,1203,,0.05597764998674393,
17,1204,,0.04093003273010254,
17,1205,,0.04365149885416031,
17,1206,,0.03993552550673485,
17,1207,,0.0634370744228363,
17,1208,,0.04457945004105568,
17,1209,,0.059835128486156464,
17,1210,,0.040839508175849915,
17,1211,,0.05021015927195549,
17,1212,,0.057198382914066315,
17,1213,,0.046083513647317886,
17,1214,,0.04986996203660965,
17,1215,,0.049048081040382385,
17,1216,,0.051107220351696014,
17,1217,,0.041721925139427185,
17,1218,,0.03812093287706375,
17,1219,,0.056712985038757324,
17,1220,,0.05146464705467224,
17,1221,,0.0439000204205513,
17,1222,,0.049576759338378906,
17,1223,,0.05101749300956726,
17,1224,,0.048955995589494705,
17,1225,,0.05633553862571716,
17,1226,,0.04401521012187004,
17,1227,,0.05156542360782623,
17,1228,,0.04974506050348282,
17,1229,,0.050992462784051895,
17,1230,,0.0433507040143013,
17,1231,,0.051148489117622375,
17,1232,,0.044652123004198074,
17,1233,,0.04963580146431923,
17,1234,,0.04981742054224014,
17,1235,,0.04809901863336563,
17,1236,,0.041744932532310486,
17,1237,,0.05899306386709213,
17,1238,,0.04552586376667023,
17,1239,,0.05194760113954544,
17,1240,,0.04536597058176994,
17,1241,,0.08393485844135284,
17,1241,,,0.07349740713834763
17,1241,0.04850119724869728,,
18,1242,,0.04514339938759804,
18,1243,,0.05666004866361618,
18,1244,,0.05409841984510422,
18,1245,,0.06275326758623123,
18,1246,,0.0507083535194397,
18,1247,,0.04769128933548927,
18,1248,,0.04694486781954765,
18,1249,,0.04532601311802864,
18,1250,,0.048298969864845276,
18,1251,,0.06279125809669495,
18,1252,,0.04905993863940239,
18,1253,,0.05654926970601082,
18,1254,,0.057700809091329575,
18,1255,,0.05290196090936661,
18,1256,,0.04913453012704849,
18,1257,,0.04881357401609421,
18,1258,,0.06170530989766121,
18,1259,,0.05433600768446922,
18,1260,,0.04634607583284378,
18,1261,,0.06124561280012131,
18,1262,,0.041051920503377914,
18,1263,,0.05045031011104584,
18,1264,,0.053458090871572495,
18,1265,,0.05603276193141937,
18,1266,,0.047396160662174225,
18,1267,,0.042170628905296326,
18,1268,,0.053146496415138245,
18,1269,,0.04907979443669319,
18,1270,,0.050811126828193665,
18,1271,,0.04841463640332222,
18,1272,,0.054649364203214645,
18,1273,,0.05138646438717842,
18,1274,,0.044281791895627975,
18,1275,,0.05301572382450104,
18,1276,,0.05005978047847748,
18,1277,,0.05325739085674286,
18,1278,,0.03980879485607147,
18,1279,,0.04643198102712631,
18,1280,,0.048057980835437775,
18,1281,,0.044495150446891785,
18,1282,,0.04004845768213272,
18,1283,,0.05231717228889465,
18,1284,,0.048862241208553314,
18,1285,,0.04869391396641731,
18,1286,,0.043258924037218094,
18,1287,,0.053090233355760574,
18,1288,,0.05450022965669632,
18,1289,,0.05545725300908089,
18,1290,,0.05062162131071091,
18,1291,,0.04754305258393288,
18,1292,,0.05409332364797592,
18,1293,,0.04905068129301071,
18,1294,,0.0542394183576107,
18,1295,,0.06931287050247192,
18,1296,,0.04117175191640854,
18,1297,,0.05253799259662628,
18,1298,,0.04804471135139465,
18,1299,,0.04984136298298836,
18,1300,,0.04548763483762741,
18,1301,,0.05779745429754257,
18,1302,,0.04759402200579643,
18,1303,,0.04630325734615326,
18,1304,,0.05374493822455406,
18,1305,,0.049174144864082336,
18,1306,,0.04375864565372467,
18,1307,,0.05315037816762924,
18,1308,,0.0423421785235405,
18,1309,,0.05802863836288452,
18,1310,,0.049447428435087204,
18,1310,,,0.07204300910234451
18,1310,0.050670281052589417,,
19,1311,,0.044011712074279785,
19,1312,,0.051178425550460815,
19,1313,,0.05016728490591049,
19,1314,,0.04662037268280983,
19,1315,,0.048461444675922394,
19,1316,,0.05564744025468826,
19,1317,,0.04099412262439728,
19,1318,,0.04500815272331238,
19,1319,,0.04915972799062729,
19,1320,,0.049791984260082245,
19,1321,,0.05129014700651169,
19,1322,,0.07089361548423767,
19,1323,,0.04496945068240166,
19,1324,,0.0414852574467659,
19,1325,,0.05702897906303406,
19,1326,,0.043028976768255234,
19,1327,,0.04785986989736557,
19,1328,,0.05453282222151756,
19,1329,,0.041536737233400345,
19,1330,,0.05519310012459755,
19,1331,,0.051999010145664215,
19,1332,,0.04533277079463005,
19,1333,,0.04678498953580856,
19,1334,,0.04416603222489357,
19,1335,,0.04547891020774841,
19,1336,,0.06008380651473999,
19,1337,,0.040981724858284,
19,1338,,0.04785609245300293,
19,1339,,0.044529449194669724,
19,1340,,0.04422285407781601,
19,1341,,0.044216088950634,
19,1342,,0.039286889135837555,
19,1343,,0.05022457242012024,
19,1344,,0.044240422546863556,
19,1345,,0.046725042164325714,
19,1346,,0.04570703208446503,
19,1347,,0.04765401408076286,
19,1348,,0.04933127015829086,
19,1349,,0.04919899255037308,
19,1350,,0.037057481706142426,
19,1351,,0.04181221127510071,
19,1352,,0.05109153315424919,
19,1353,,0.06216296926140785,
19,1354,,0.05423031002283096,
19,1355,,0.047709107398986816,
19,1356,,0.049831096082925797,
19,1357,,0.039670150727033615,
19,1358,,0.03718498721718788,
19,1359,,0.04296095669269562,
19,1360,,0.04522157087922096,
19,1361,,0.043669771403074265,
19,1362,,0.041408684104681015,
19,1363,,0.04140739515423775,
19,1364,,0.04166745766997337,
19,1365,,0.05110717564821243,
19,1366,,0.039263635873794556,
19,1367,,0.045654188841581345,
19,1368,,0.05206052213907242,
19,1369,,0.04143426567316055,
19,1370,,0.03615060821175575,
19,1371,,0.05128583312034607,
19,1372,,0.041713882237672806,
19,1373,,0.04199445992708206,
19,1374,,0.04635559767484665,
19,1375,,0.04663354158401489,
19,1376,,0.04999947175383568,
19,1377,,0.04363475739955902,
19,1378,,0.03690681606531143,
19,1379,,0.03810633346438408,
19,1379,,,0.08041446655988693
19,1379,0.04672180488705635,,
20,1380,,0.07402269542217255,
20,1381,,0.049416683614254,
20,1382,,0.045295730233192444,
20,1383,,0.045326054096221924,
20,1384,,0.04024793207645416,
20,1385,,0.044624797999858856,
20,1386,,0.0457942932844162,
20,1387,,0.04258481413125992,
20,1388,,0.05141361802816391,
20,1389,,0.049270547926425934,
20,1390,,0.05447780340909958,
20,1391,,0.038026951253414154,
20,1392,,0.04723314568400383,
20,1393,,0.036585334688425064,
20,1394,,0.04010751098394394,
20,1395,,0.036940187215805054,
20,1396,,0.03884372115135193,
20,1397,,0.03952464461326599,
20,1398,,0.039576999843120575,
20,1399,,0.04669186472892761,
20,1400,,0.0465356819331646,
20,1401,,0.03899749740958214,
20,1402,,0.04461284726858139,
20,1403,,0.04473026841878891,
20,1404,,0.05122904106974602,
20,1405,,0.048525966703891754,
20,1406,,0.04168779402971268,
20,1407,,0.04270540177822113,
20,1408,,0.04500415176153183,
20,1409,,0.050218015909194946,
20,1410,,0.0431956872344017,
20,1411,,0.04329252988100052,
20,1412,,0.03579835593700409,
20,1413,,0.042851828038692474,
20,1414,,0.03850173205137253,
20,1415,,0.04370371624827385,
20,1416,,0.041253119707107544,
20,1417,,0.04267789423465729,
20,1418,,0.040417127311229706,
20,1419,,0.045661814510822296,
20,1420,,0.05454673990607262,
20,1421,,0.03908044472336769,
20,1422,,0.047591522336006165,
20,1423,,0.04985152930021286,
20,1424,,0.0399605855345726,
20,1425,,0.045598506927490234,
20,1426,,0.04483655095100403,
20,1427,,0.04688212648034096,
20,1428,,0.04019894823431969,
20,1429,,0.04298163577914238,
20,1430,,0.03901932016015053,
20,1431,,0.04054112732410431,
20,1432,,0.05822141468524933,
20,1433,,0.04550347849726677,
20,1434,,0.04015300050377846,
20,1435,,0.05934712663292885,
20,1436,,0.043643273413181305,
20,1437,,0.05026513338088989,
20,1438,,0.05336480587720871,
20,1439,,0.05466371029615402,
20,1440,,0.043791212141513824,
20,1441,,0.03906328231096268,
20,1442,,0.04725005477666855,
20,1443,,0.048400647938251495,
20,1444,,0.044351838529109955,
20,1445,,0.04118018597364426,
20,1446,,0.051312241703271866,
20,1447,,0.04935307428240776,
20,1448,,0.033931490033864975,
20,1448,,,0.06833889335393906
20,1448,0.04525211453437805,,
21,1449,,0.05607663840055466,
21,1450,,0.0499846413731575,
21,1451,,0.0567772313952446,
21,1452,,0.052451398223638535,
21,1453,,0.03941761702299118,
21,1454,,0.04044390097260475,
21,1455,,0.04566898196935654,
21,1456,,0.03970127925276756,
21,1457,,0.042951878160238266,
21,1458,,0.05136703699827194,
21,1459,,0.050485000014305115,
21,1460,,0.039506569504737854,
21,1461,,0.04023890197277069,
21,1462,,0.04191688075661659,
21,1463,,0.04311751201748848,
21,1464,,0.03939328342676163,
21,1465,,0.06072816252708435,
21,1466,,0.0545181930065155,
21,1467,,0.03814881667494774,
21,1468,,0.042012084275484085,
21,1469,,0.04416990652680397,
21,1470,,0.051447734236717224,
21,1471,,0.04949243366718292,
21,1472,,0.06265445053577423,
21,1473,,0.04854542389512062,
21,1474,,0.052835434675216675,
21,1475,,0.04207662492990494,
21,1476,,0.05051492899656296,
21,1477,,0.039200298488140106,
21,1478,,0.04239264503121376,
21,1479,,0.03980369493365288,
21,1480,,0.038765184581279755,
21,1481,,0.04129737615585327,
21,1482,,0.04889126121997833,
21,1483,,0.03994600102305412,
21,1484,,0.038918882608413696,
21,1485,,0.05803685635328293,
21,1486,,0.05225037783384323,
21,1487,,0.0401175394654274,
21,1488,,0.043723344802856445,
21,1489,,0.046358752995729446,
21,1490,,0.045990534126758575,
21,1491,,0.04758976399898529,
21,1492,,0.041497208178043365,
21,1493,,0.042910993099212646,
21,1494,,0.03828750178217888,
21,1495,,0.044957537204027176,
21,1496,,0.04955170676112175,
21,1497,,0.049189869314432144,
21,1498,,0.045960791409015656,
21,1499,,0.04111966863274574,
21,1500,,0.05043642967939377,
21,1501,,0.05999640375375748,
21,1502,,0.06092233210802078,
21,1503,,0.04306289553642273,
21,1504,,0.05130057781934738,
21,1505,,0.047760091722011566,
21,1506,,0.046725478023290634,
21,1507,,0.041256166994571686,
21,1508,,0.06146977096796036,
21,1509,,0.04897996783256531,
21,1510,,0.05002594366669655,
21,1511,,0.040916722267866135,
21,1512,,0.04283347353339195,
21,1513,,0.04105710610747337,
21,1514,,0.04118139296770096,
21,1515,,0.03676266968250275,
21,1516,,0.04536938667297363,
21,1517,,0.07016322016716003,
21,1517,,,0.06731816381216049
21,1517,0.04641802981495857,,
22,1518,,0.03698469698429108,
22,1519,,0.057340510189533234,
22,1520,,0.06033143028616905,
22,1521,,0.05867995321750641,
22,1522,,0.056693147867918015,
22,1523,,0.05303702503442764,
22,1524,,0.06237681210041046,
22,1525,,0.05624987185001373,
22,1526,,0.06081368029117584,
22,1527,,0.048366107046604156,
22,1528,,0.04795673489570618,
22,1529,,0.061828307807445526,
22,1530,,0.0520758181810379,
22,1531,,0.06992605328559875,
22,1532,,0.06066074222326279,
22,1533,,0.04593966528773308,
22,1534,,0.05457175523042679,
22,1535,,0.0657489076256752,
22,1536,,0.06546543538570404,
22,1537,,0.061076562851667404,
22,1538,,0.06093839555978775,
22,1539,,0.045487772673368454,
22,1540,,0.07478689402341843,
22,1541,,0.04713621363043785,
22,1542,,0.05206732451915741,
22,1543,,0.04938005656003952,
22,1544,,0.04534021019935608,
22,1545,,0.04969804361462593,
22,1546,,0.06609645485877991,
22,1547,,0.07608702778816223,
22,1548,,0.06762713193893433,
22,1549,,0.051914945244789124,
22,1550,,0.04846000298857689,
22,1551,,0.05419020354747772,
22,1552,,0.06305396556854248,
22,1553,,0.05630151927471161,
22,1554,,0.04969953000545502,
22,1555,,0.04773976653814316,
22,1556,,0.043901778757572174,
22,1557,,0.04561725631356239,
22,1558,,0.04539208859205246,
22,1559,,0.05584179610013962,
22,1560,,0.06869978457689285,
22,1561,,0.04947385936975479,
22,1562,,0.05421426147222519,
22,1563,,0.0528915636241436,
22,1564,,0.04109314829111099,
22,1565,,0.05428776144981384,
22,1566,,0.05047277361154556,
22,1567,,0.04831560328602791,
22,1568,,0.048386842012405396,
22,1569,,0.04841165617108345,
22,1570,,0.048003774136304855,
22,1571,,0.044292937964200974,
22,1572,,0.05071299895644188,
22,1573,,0.0464007742702961,
22,1574,,0.03851959854364395,
22,1575,,0.06510916352272034,
22,1576,,0.04950976371765137,
22,1577,,0.048665404319763184,
22,1578,,0.0417630560696125,
22,1579,,0.04809889942407608,
22,1580,,0.0617186613380909,
22,1581,,0.05851692706346512,
22,1582,,0.047591596841812134,
22,1583,,0.04846998304128647,
22,1584,,0.04477103799581528,
22,1585,,0.05434638261795044,
22,1586,,0.079994797706604,
22,1586,,,0.07077459990978241
22,1586,0.053660448640584946,,
23,1587,,0.055887624621391296,
23,1588,,0.045215804129838943,
23,1589,,0.049474723637104034,
23,1590,,0.04667866602540016,
23,1591,,0.05439900606870651,
23,1592,,0.047882337123155594,
23,1593,,0.05481482297182083,
23,1594,,0.05854306370019913,
23,1595,,0.04595325142145157,
23,1596,,0.05110612511634827,
23,1597,,0.05029523745179176,
23,1598,,0.04630296677350998,
23,1599,,0.045430660247802734,
23,1600,,0.06364846229553223,
23,1601,,0.052515916526317596,
23,1602,,0.04355909302830696,
23,1603,,0.05493295192718506,
23,1604,,0.04783546179533005,
23,1605,,0.05792552977800369,
23,1606,,0.046489130705595016,
23,1607,,0.052596695721149445,
23,1608,,0.05187434330582619,
23,1609,,0.06059243530035019,
23,1610,,0.04636296257376671,
23,1611,,0.046269774436950684,
23,1612,,0.05033915489912033,
23,1613,,0.04336485266685486,
23,1614,,0.051670268177986145,
23,1615,,0.05581489950418472,
23,1616,,0.05380021780729294,
23,1617,,0.05033934861421585,
23,1618,,0.04934695363044739,
23,1619,,0.05144982039928436,
23,1620,,0.05442752689123154,
23,1621,,0.05905648693442345,
23,1622,,0.044548336416482925,
23,1623,,0.049840204417705536,
23,1624,,0.047394026070833206,
23,1625,,0.05532105639576912,
23,1626,,0.04649917036294937,
23,1627,,0.04393628239631653,
23,1628,,0.05307646468281746,
23,1629,,0.04865867272019386,
23,1630,,0.050233807414770126,
23,1631,,0.053124841302633286,
23,1632,,0.044914115220308304,
23,1633,,0.046595923602581024,
23,1634,,0.04654515162110329,
23,1635,,0.04877261817455292,
23,1636,,0.04540747404098511,
23,1637,,0.04903687536716461,
23,1638,,0.0442257821559906,
23,1639,,0.04938659816980362,
23,1640,,0.06998825818300247,
23,1641,,0.0485648438334465,
23,1642,,0.04880157858133316,
23,1643,,0.0482352040708065,
23,1644,,0.062248215079307556,
23,1645,,0.04887115955352783,
23,1646,,0.05057890713214874,
23,1647,,0.05863442271947861,
23,1648,,0.062008123844861984,
23,1649,,0.0554877445101738,
23,1650,,0.0494803711771965,
23,1651,,0.052797846496105194,
23,1652,,0.05166396498680115,
23,1653,,0.05140632763504982,
23,1654,,0.055734649300575256,
23,1655,,0.06298291683197021,
23,1655,,,0.08381921797990799
23,1655,0.05117193982005119,,
24,1656,,0.06104037165641785,
24,1657,,0.07469989359378815,
24,1658,,0.05170772224664688,
24,1659,,0.050418153405189514,
24,1660,,0.05276942253112793,
24,1661,,0.049469977617263794,
24,1662,,0.05275687575340271,
24,1663,,0.0511348620057106,
24,1664,,0.05853421986103058,
24,1665,,0.04956652224063873,
24,1666,,0.04793693870306015,
24,1667,,0.056811995804309845,
24,1668,,0.05023224279284477,
24,1669,,0.05080823972821236,
24,1670,,0.04931817203760147,
24,1671,,0.04486899450421333,
24,1672,,0.04760975018143654,
24,1673,,0.043316394090652466,
24,1674,,0.042835529893636703,
24,1675,,0.0421174094080925,
24,1676,,0.04570411890745163,
24,1677,,0.04609169065952301,
24,1678,,0.041146863251924515,
24,1679,,0.04588310420513153,
24,1680,,0.04689132422208786,
24,1681,,0.05116201192140579,
24,1682,,0.040298689156770706,
24,1683,,0.04822085425257683,
24,1684,,0.03799279034137726,
24,1685,,0.04169744998216629,
24,1686,,0.042341526597738266,
24,1687,,0.04174713045358658,
24,1688,,0.05141879618167877,
24,1689,,0.039078015834093094,
24,1690,,0.05071301758289337,
24,1691,,0.05459544435143471,
24,1692,,0.059626758098602295,
24,1693,,0.04757862538099289,
24,1694,,0.041162967681884766,
24,1695,,0.04187464341521263,
24,1696,,0.04165013134479523,
24,1697,,0.04294510930776596,
24,1698,,0.044433195143938065,
24,1699,,0.04825519770383835,
24,1700,,0.04450349882245064,
24,1701,,0.05276128649711609,
24,1702,,0.057567182928323746,
24,1703,,0.040010545402765274,
24,1704,,0.049447670578956604,
24,1705,,0.05329382047057152,
24,1706,,0.04486294835805893,
24,1707,,0.04427561163902283,
24,1708,,0.04454164206981659,
24,1709,,0.045657217502593994,
24,1710,,0.04293237254023552,
24,1711,,0.05449267104268074,
24,1712,,0.04183280095458031,
24,1713,,0.04887073114514351,
24,1714,,0.04327450320124626,
24,1715,,0.05129442363977432,
24,1716,,0.04363647475838661,
24,1717,,0.04772821068763733,
24,1718,,0.04304031282663345,
24,1719,,0.0413753017783165,
24,1720,,0.05478981137275696,
24,1721,,0.05645298212766647,
24,1722,,0.043919846415519714,
24,1723,,0.04267537593841553,
24,1724,,0.04729828983545303,
24,1724,,,0.0694766640663147
24,1724,0.04784751683473587,,
25,1725,,0.04077577218413353,
25,1726,,0.04862566292285919,
25,1727,,0.05237623304128647,
25,1728,,0.0474206805229187,
25,1729,,0.04974907636642456,
25,1730,,0.04849981516599655,
25,1731,,0.052137963473796844,
25,1732,,0.05008292943239212,
25,1733,,0.05752060189843178,
25,1734,,0.046212006360292435,
25,1735,,0.05641859769821167,
25,1736,,0.046712081879377365,
25,1737,,0.04153863713145256,
25,1738,,0.0479620136320591,
25,1739,,0.051035985350608826,
25,1740,,0.04018409550189972,
25,1741,,0.046075835824012756,
25,1742,,0.04645005986094475,
25,1743,,0.041727982461452484,
25,1744,,0.04015083238482475,
25,1745,,0.04046408459544182,
25,1746,,0.043587155640125275,
25,1747,,0.05031060427427292,
25,1748,,0.04229866340756416,
25,1749,,0.04062105715274811,
25,1750,,0.03352608531713486,
25,1751,,0.04114397615194321,
25,1752,,0.04657983034849167,
25,1753,,0.04577077552676201,
25,1754,,0.058428242802619934,
25,1755,,0.05420564115047455,
25,1756,,0.04285960644483566,
25,1757,,0.04917233809828758,
25,1758,,0.04538721963763237,
25,1759,,0.04106246307492256,
25,1760,,0.046886295080184937,
25,1761,,0.04163535684347153,
25,1762,,0.041490912437438965,
25,1763,,0.04720577225089073,
25,1764,,0.05643849819898605,
25,1765,,0.04381873831152916,
25,1766,,0.05751345679163933,
25,1767,,0.04065393656492233,
25,1768,,0.0404907688498497,
25,1769,,0.04441776126623154,
25,1770,,0.05106930434703827,
25,1771,,0.050772182643413544,
25,1772,,0.043302539736032486,
25,1773,,0.04858913645148277,
25,1774,,0.05234696716070175,
25,1775,,0.048931267112493515,
25,1776,,0.037513367831707,
25,1777,,0.04165791720151901,
25,1778,,0.039718762040138245,
25,1779,,0.050120580941438675,
25,1780,,0.04498407989740372,
25,1781,,0.048074714839458466,
25,1782,,0.04531914368271828,
25,1783,,0.04203532636165619,
25,1784,,0.036647673696279526,
25,1785,,0.044337473809719086,
25,1786,,0.04179082810878754,
25,1787,,0.05215960368514061,
25,1788,,0.0451476164162159,
25,1789,,0.050433337688446045,
25,1790,,0.046664707362651825,
25,1791,,0.0387381948530674,
25,1792,,0.043247345834970474,
25,1793,,0.07082179188728333,
25,1793,,,0.08160736411809921
25,1793,0.046092938631772995,,
26,1794,,0.0461408793926239,
26,1795,,0.05827738344669342,
26,1796,,0.037394922226667404,
26,1797,,0.04208286106586456,
26,1798,,0.041388750076293945,
26,1799,,0.04514540731906891,
26,1800,,0.0447525717318058,
26,1801,,0.047722116112709045,
26,1802,,0.043308041989803314,
26,1803,,0.036310113966464996,
26,1804,,0.04314786195755005,
26,1805,,0.04212033376097679,
26,1806,,0.038664959371089935,
26,1807,,0.04376418888568878,
26,1808,,0.04531356319785118,
26,1809,,0.05752197653055191,
26,1810,,0.0463995561003685,
26,1811,,0.043659329414367676,
26,1812,,0.043410900980234146,
26,1813,,0.059661269187927246,
26,1814,,0.04489912837743759,
26,1815,,0.04497019201517105,
26,1816,,0.04054754227399826,
26,1817,,0.04142417386174202,
26,1818,,0.0624486580491066,
26,1819,,0.05382227897644043,
26,1820,,0.039077334105968475,
26,1821,,0.04804503172636032,
26,1822,,0.044598426669836044,
26,1823,,0.050705425441265106,
26,1824,,0.0545310452580452,
26,1825,,0.045113179832696915,
26,1826,,0.04274844750761986,
26,1827,,0.05009227246046066,
26,1828,,0.05019131302833557,
26,1829,,0.0336482860147953,
26,1830,,0.05137661471962929,
26,1831,,0.042187195271253586,
26,1832,,0.0575103834271431,
26,1833,,0.03990286588668823,
26,1834,,0.0453484021127224,
26,1835,,0.04159059002995491,
26,1836,,0.04462907090783119,
26,1837,,0.03951030224561691,
26,1838,,0.04759246110916138,
26,1839,,0.043300412595272064,
26,1840,,0.048649102449417114,
26,1841,,0.0447736419737339,
26,1842,,0.04243217036128044,
26,1843,,0.05091724544763565,
26,1844,,0.03915774077177048,
26,1845,,0.036342911422252655,
26,1846,,0.04743696376681328,
26,1847,,0.046073220670223236,
26,1848,,0.043742939829826355,
26,1849,,0.040130771696567535,
26,1850,,0.0375526025891304,
26,1851,,0.06056025251746178,
26,1852,,0.04034192115068436,
26,1853,,0.0436570942401886,
26,1854,,0.05727088078856468,
26,1855,,0.049095265567302704,
26,1856,,0.040931377559900284,
26,1857,,0.039409149438142776,
26,1858,,0.054412711411714554,
26,1859,,0.050758183002471924,
26,1860,,0.04417143762111664,
26,1861,,0.04455113783478737,
26,1862,,0.048853371292352676,
26,1862,,,0.09125184267759323
26,1862,0.0457170233130455,,
27,1863,,0.042920395731925964,
27,1864,,0.04857281595468521,
27,1865,,0.047306448221206665,
27,1866,,0.037507638335227966,
27,1867,,0.043994124978780746,
27,1868,,0.04085147753357887,
27,1869,,0.038208190351724625,
27,1870,,0.039439596235752106,
27,1871,,0.04857989400625229,
27,1872,,0.043159984052181244,
27,1873,,0.03601016849279404,
27,1874,,0.04515597224235535,
27,1875,,0.04248800128698349,
27,1876,,0.042354047298431396,
27,1877,,0.04391516000032425,
27,1878,,0.03886239230632782,
27,1879,,0.04070195555686951,
27,1880,,0.04279690980911255,
27,1881,,0.052973076701164246,
27,1882,,0.040084876120090485,
27,1883,,0.03965643048286438,
27,1884,,0.03993051126599312,
27,1885,,0.04662270098924637,
27,1886,,0.040230635553598404,
27,1887,,0.03828565031290054,
27,1888,,0.04177054017782211,
27,1889,,0.05233992636203766,
27,1890,,0.05593700334429741,
27,1891,,0.040425948798656464,
27,1892,,0.03581308200955391,
27,1893,,0.04991469532251358,
27,1894,,0.0510021448135376,
27,1895,,0.06262536346912384,
27,1896,,0.04534047469496727,
27,1897,,0.047041624784469604,
27,1898,,0.04511009529232979,
27,1899,,0.041191257536411285,
27,1900,,0.04141106829047203,
27,1901,,0.03859502449631691,
27,1902,,0.04090922698378563,
27,1903,,0.05044072866439819,
27,1904,,0.056292787194252014,
27,1905,,0.03667487949132919,
27,1906,,0.04629567265510559,
27,1907,,0.043397124856710434,
27,1908,,0.04851917922496796,
27,1909,,0.04317573085427284,
27,1910,,0.05088459700345993,
27,1911,,0.05126995965838432,
27,1912,,0.04811476543545723,
27,1913,,0.04077804833650589,
27,1914,,0.03861004114151001,
27,1915,,0.04954748600721359,
27,1916,,0.03975299000740051,
27,1917,,0.043919071555137634,
27,1918,,0.04237121343612671,
27,1919,,0.037785500288009644,
27,1920,,0.03885400667786598,
27,1921,,0.04498724266886711,
27,1922,,0.04371010139584541,
27,1923,,0.050105683505535126,
27,1924,,0.043013736605644226,
27,1925,,0.03663482144474983,
27,1926,,0.04089929908514023,
27,1927,,0.05439189821481705,
27,1928,,0.03993328660726547,
27,1929,,0.0416533462703228,
27,1930,,0.04500744491815567,
27,1931,,0.06716091185808182,
27,1931,,,0.06849603354930878
27,1931,0.044116728007793427,,
28,1932,,0.043838657438755035,
28,1933,,0.04309931397438049,
28,1934,,0.04381357878446579,
28,1935,,0.04442233964800835,
28,1936,,0.036480847746133804,
28,1937,,0.03657384589314461,
28,1938,,0.039153341203927994,
28,1939,,0.04576268419623375,
28,1940,,0.03821934387087822,
28,1941,,0.03754433989524841,
28,1942,,0.03938434645533562,
28,1943,,0.03750533610582352,
28,1944,,0.041316919028759,
28,1945,,0.057324495166540146,
28,1946,,0.04319418966770172,
28,1947,,0.03991471603512764,
28,1948,,0.045338090509176254,
28,1949,,0.04355726018548012,
28,1950,,0.04238893464207649,
28,1951,,0.036652982234954834,
28,1952,,0.04125354811549187,
28,1953,,0.04083406180143356,
28,1954,,0.04959842562675476,
28,1955,,0.035892266780138016,
28,1956,,0.04068293049931526,
28,1957,,0.038283709436655045,
28,1958,,0.04023817181587219,
28,1959,,0.039272189140319824,
28,1960,,0.04280232638120651,
28,1961,,0.04184919595718384,
28,1962,,0.043009862303733826,
28,1963,,0.06985161453485489,
28,1964,,0.04588370770215988,
28,1965,,0.03610457479953766,
28,1966,,0.049899037927389145,
28,1967,,0.035622335970401764,
28,1968,,0.04358510300517082,
28,1969,,0.03828984871506691,
28,1970,,0.04821329563856125,
28,1971,,0.03476083278656006,
28,1972,,0.04322567209601402,
28,1973,,0.04147886484861374,
28,1974,,0.041538022458553314,
28,1975,,0.04199998825788498,
28,1976,,0.04197727516293526,
28,1977,,0.03904862701892853,
28,1978,,0.03626816347241402,
28,1979,,0.04620449244976044,
28,1980,,0.041665591299533844,
28,1981,,0.04057063162326813,
28,1982,,0.04192689433693886,
28,1983,,0.059997640550136566,
28,1984,,0.03716624155640602,
28,1985,,0.04154059663414955,
28,1986,,0.032020896673202515,
28,1987,,0.038819409906864166,
28,1988,,0.03672466427087784,
28,1989,,0.037678103893995285,
28,1990,,0.0455542728304863,
28,1991,,0.046770334243774414,
28,1992,,0.04430489242076874,
28,1993,,0.04941563308238983,
28,1994,,0.049769528210163116,
28,1995,,0.0562555268406868,
28,1996,,0.042338237166404724,
28,1997,,0.04564090445637703,
28,1998,,0.03619349002838135,
28,1999,,0.05094963312149048,
28,2000,,0.06725487112998962,
28,2000,,,0.07479079812765121
28,2000,0.04266954958438873,,
29,2001,,0.04123103246092796,
29,2002,,0.04451821744441986,
29,2003,,0.040099166333675385,
29,2004,,0.04602591693401337,
29,2005,,0.056072209030389786,
29,2006,,0.03700725734233856,
29,2007,,0.04114450141787529,
29,2008,,0.04459071904420853,
29,2009,,0.04172389581799507,
29,2010,,0.038593702018260956,
29,2011,,0.0384102538228035,
29,2012,,0.04430563002824783,
29,2013,,0.035114482045173645,
29,2014,,0.04871401935815811,
29,2015,,0.05110485106706619,
29,2016,,0.03682422265410423,
29,2017,,0.043299850076436996,
29,2018,,0.04790958762168884,
29,2019,,0.04292868450284004,
29,2020,,0.04134330153465271,
29,2021,,0.0427270233631134,
29,2022,,0.04205808416008949,
29,2023,,0.03567110374569893,
29,2024,,0.042934346944093704,
29,2025,,0.04004928097128868,
29,2026,,0.03816184028983116,
29,2027,,0.05224781483411789,
29,2028,,0.04002528265118599,
29,2029,,0.04502681642770767,
29,2030,,0.03215911239385605,
29,2031,,0.04334352910518646,
29,2032,,0.043428704142570496,
29,2033,,0.04014383256435394,
29,2034,,0.04603387415409088,
29,2035,,0.04133223369717598,
29,2036,,0.03567085415124893,
29,2037,,0.03909338265657425,
29,2038,,0.0377935916185379,
29,2039,,0.03547057509422302,
29,2040,,0.04082104563713074,
29,2041,,0.04012438654899597,
29,2042,,0.05394858121871948,
29,2043,,0.04274074733257294,
29,2044,,0.035998426377773285,
29,2045,,0.03777969256043434,
29,2046,,0.033130042254924774,
29,2047,,0.039427779614925385,
29,2048,,0.04167279601097107,
29,2049,,0.0392371229827404,
29,2050,,0.041898664087057114,
29,2051,,0.03860693424940109,
29,2052,,0.035402700304985046,
29,2053,,0.0453612320125103,
29,2054,,0.033930420875549316,
29,2055,,0.04765896499156952,
29,2056,,0.043310340493917465,
29,2057,,0.04224655032157898,
29,2058,,0.038012340664863586,
29,2059,,0.03300756961107254,
29,2060,,0.04043375328183174,
29,2061,,0.03457663580775261,
29,2062,,0.03806675970554352,
29,2063,,0.033809538930654526,
29,2064,,0.04564306512475014,
29,2065,,0.03575177490711212,
29,2066,,0.039502132683992386,
29,2067,,0.047785915434360504,
29,2068,,0.03980524465441704,
29,2069,,0.03792209178209305,
29,2069,,,0.06914539635181427
29,2069,0.04108278080821037,,
30,2070,,0.036020949482917786,
30,2071,,0.04093834385275841,
30,2072,,0.045420266687870026,
30,2073,,0.035450246185064316,
30,2074,,0.03655073791742325,
30,2075,,0.03691326826810837,
30,2076,,0.04641370475292206,
30,2077,,0.03904517740011215,
30,2078,,0.04212260991334915,
30,2079,,0.039936456829309464,
30,2080,,0.034322820603847504,
30,2081,,0.04312639683485031,
30,2082,,0.04064042866230011,
30,2083,,0.042394526302814484,
30,2084,,0.04148545116186142,
30,2085,,0.035996101796627045,
30,2086,,0.04490799456834793,
30,2087,,0.04135947674512863,
30,2088,,0.03629244118928909,
30,2089,,0.04512333869934082,
30,2090,,0.03685031831264496,
30,2091,,0.03936053812503815,
30,2092,,0.03626430407166481,
30,2093,,0.04099588841199875,
30,2094,,0.03755324333906174,
30,2095,,0.03840705379843712,
30,2096,,0.04557456821203232,
30,2097,,0.04993690550327301,
30,2098,,0.05816446244716644,
30,2099,,0.042072877287864685,
30,2100,,0.03903688117861748,
30,2101,,0.03588670864701271,
30,2102,,0.0415431410074234,
30,2103,,0.04288719594478607,
30,2104,,0.03630589321255684,
30,2105,,0.04029739275574684,
30,2106,,0.04658936336636543,
30,2107,,0.03552152216434479,
30,2108,,0.038852397352457047,
30,2109,,0.044178929179906845,
30,2110,,0.03873581439256668,
30,2111,,0.04295051097869873,
30,2112,,0.036457180976867676,
30,2113,,0.03311002254486084,
30,2114,,0.04004720598459244,
30,2115,,0.03759201988577843,
30,2116,,0.041116803884506226,
30,2117,,0.03336028382182121,
30,2118,,0.04446553438901901,
30,2119,,0.03523985296487808,
30,2120,,0.05248137190937996,
30,2121,,0.04172385111451149,
30,2122,,0.036424536257982254,
30,2123,,0.04011368006467819,
30,2124,,0.04134704917669296,
30,2125,,0.03512709587812424,
30,2126,,0.036337729543447495,
30,2127,,0.047234103083610535,
30,2128,,0.041966915130615234,
30,2129,,0.03589889407157898,
30,2130,,0.03431820869445801,
30,2131,,0.0465189665555954,
30,2132,,0.040128957480192184,
30,2133,,0.03728325664997101,
30,2134,,0.049692410975694656,
30,2135,,0.033895719796419144,
30,2136,,0.03882713243365288,
30,2137,,0.038939036428928375,
30,2138,,0.03954922407865524,
30,2138,,,0.06357815116643906
30,2138,0.040323205292224884,,
31,2139,,0.057746779173612595,
31,2140,,0.04487483203411102,
31,2141,,0.038922689855098724,
31,2142,,0.038370728492736816,
31,2143,,0.040426455438137054,
31,2144,,0.04775295406579971,
31,2145,,0.03442909196019173,
31,2146,,0.03685364872217178,
31,2147,,0.03446822986006737,
31,2148,,0.037002649158239365,
31,2149,,0.03660343959927559,
31,2150,,0.034372150897979736,
31,2151,,0.03247237950563431,
31,2152,,0.03484925627708435,
31,2153,,0.045078858733177185,
31,2154,,0.04638157784938812,
31,2155,,0.036886245012283325,
31,2156,,0.04274224117398262,
31,2157,,0.03614935278892517,
31,2158,,0.0412907637655735,
31,2159,,0.04234090447425842,
31,2160,,0.036699894815683365,
31,2161,,0.03421138599514961,
31,2162,,0.04115049168467522,
31,2163,,0.04260539636015892,
31,2164,,0.036535412073135376,
31,2165,,0.03955657780170441,
31,2166,,0.039739951491355896,
31,2167,,0.03484565019607544,
31,2168,,0.03440488129854202,
31,2169,,0.03969375789165497,
31,2170,,0.04153047129511833,
31,2171,,0.03907240927219391,
31,2172,,0.05303938686847687,
31,2173,,0.052486397325992584,
31,2174,,0.03358647599816322,
31,2175,,0.04404653236269951,
31,2176,,0.039228685200214386,
31,2177,,0.036521051079034805,
31,2178,,0.03309144824743271,
31,2179,,0.03614696115255356,
31,2180,,0.04074490815401077,
31,2181,,0.04216459393501282,
31,2182,,0.05731283873319626,
31,2183,,0.0403260663151741,
31,2184,,0.045940376818180084,
31,2185,,0.051659904420375824,
31,2186,,0.04177908971905708,
31,2187,,0.03976807743310928,
31,2188,,0.048206478357315063,
31,2189,,0.039873749017715454,
31,2190,,0.03576967120170593,
31,2191,,0.04352490231394768,
31,2192,,0.03399358689785004,
31,2193,,0.04374965280294418,
31,2194,,0.03542482107877731,
31,2195,,0.03497046232223511,
31,2196,,0.05164288729429245,
31,2197,,0.04037994518876076,
31,2198,,0.03989773243665695,
31,2199,,0.038972169160842896,
31,2200,,0.040404319763183594,
31,2201,,0.04243785887956619,
31,2202,,0.037786152213811874,
31,2203,,0.036487430334091187,
31,2204,,0.032739102840423584,
31,2205,,0.04988960921764374,
31,2206,,0.039120666682720184,
31,2207,,0.04669206216931343,
31,2207,,,0.06678269058465958
31,2207,0.040499262511730194,,
32,2208,,0.035939473658800125,
32,2209,,0.04011501371860504,
32,2210,,0.04126777499914169,
32,2211,,0.047492265701293945,
32,2212,,0.03605887293815613,
32,2213,,0.041608408093452454,
32,2214,,0.04442186281085014,
32,2215,,0.04018228501081467,
32,2216,,0.04015273228287697,
32,2217,,0.040751926600933075,
32,2218,,0.036121468991041183,
32,2219,,0.034187231212854385,
32,2220,,0.030551418662071228,
32,2221,,0.03750140219926834,
32,2222,,0.04262098670005798,
32,2223,,0.04000800848007202,
32,2224,,0.04326258972287178,
32,2225,,0.04998384416103363,
32,2226,,0.05033981800079346,
32,2227,,0.04031940549612045,
32,2228,,0.04080166667699814,
32,2229,,0.04871576651930809,
32,2230,,0.04102882742881775,
32,2231,,0.039405278861522675,
32,2232,,0.04525696858763695,
32,2233,,0.041479844599962234,
32,2234,,0.040190190076828,
32,2235,,0.03832188621163368,
32,2236,,0.038951367139816284,
32,2237,,0.046563100069761276,
32,2238,,0.039648592472076416,
32,2239,,0.040886569768190384,
32,2240,,0.03757631033658981,
32,2241,,0.040188007056713104,
32,2242,,0.03810863941907883,
32,2243,,0.050907060503959656,
32,2244,,0.033417727798223495,
32,2245,,0.033425260335206985,
32,2246,,0.034153424203395844,
32,2247,,0.03592231124639511,
32,2248,,0.0445338673889637,
32,2249,,0.03203059732913971,
32,2250,,0.03424954414367676,
32,2251,,0.0376010499894619,
32,2252,,0.03230622038245201,
32,2253,,0.06065036356449127,
32,2254,,0.03917151689529419,
32,2255,,0.05531599372625351,
32,2256,,0.03917815908789635,
32,2257,,0.03315787389874458,
32,2258,,0.03425351530313492,
32,2259,,0.040183305740356445,
32,2260,,0.04077252000570297,
32,2261,,0.036059487611055374,
32,2262,,0.038656048476696014,
32,2263,,0.039424024522304535,
32,2264,,0.036790747195482254,
32,2265,,0.03647100180387497,
32,2266,,0.031624987721443176,
32,2267,,0.0499577671289444,
32,2268,,0.043607890605926514,
32,2269,,0.03435005620121956,
32,2270,,0.0390109121799469,
32,2271,,0.03917967900633812,
32,2272,,0.039768628776073456,
32,2273,,0.042637139558792114,
32,2274,,0.04761262983083725,
32,2275,,0.04692552983760834,
32,2276,,0.033907730132341385,
32,2276,,,0.07081073522567749
32,2276,0.040331076830625534,,
33,2277,,0.040959764271974564,
33,2278,,0.050905995070934296,
33,2279,,0.03617428243160248,
33,2280,,0.03719194978475571,
33,2281,,0.038630250841379166,
33,2282,,0.03514552116394043,
33,2283,,0.035083115100860596,
33,2284,,0.041528813540935516,
33,2285,,0.040470585227012634,
33,2286,,0.040300093591213226,
33,2287,,0.03401167318224907,
33,2288,,0.04464675486087799,
33,2289,,0.03834240138530731,
33,2290,,0.034322064369916916,
33,2291,,0.03905998170375824,
33,2292,,0.046480365097522736,
33,2293,,0.0400092676281929,
33,2294,,0.04185774177312851,
33,2295,,0.044583357870578766,
33,2296,,0.03439910337328911,
33,2297,,0.04223405569791794,
33,2298,,0.03407517075538635,
33,2299,,0.043265312910079956,
33,2300,,0.04316568002104759,
33,2301,,0.039129920303821564,
33,2302,,0.045733992010354996,
33,2303,,0.03646451234817505,
33,2304,,0.04387849569320679,
33,2305,,0.03894199803471565,
33,2306,,0.03741844743490219,
33,2307,,0.04738186299800873,
33,2308,,0.03484446927905083,
33,2309,,0.038646142929792404,
33,2310,,0.04614203795790672,
33,2311,,0.03982126712799072,
33,2312,,0.036256980150938034,
33,2313,,0.04394340142607689,
33,2314,,0.03574937582015991,
33,2315,,0.03484316170215607,
33,2316,,0.03465309739112854,
33,2317,,0.033205796033144,
33,2318,,0.03481019660830498,
33,2319,,0.038249947130680084,
33,2320,,0.036467816680669785,
33,2321,,0.03309887647628784,
33,2322,,0.034364618360996246,
33,2323,,0.04940510168671608,
33,2324,,0.036377161741256714,
33,2325,,0.04378819465637207,
33,2326,,0.04787100851535797,
33,2327,,0.04018769785761833,
33,2328,,0.048391759395599365,
33,2329,,0.045502714812755585,
33,2330,,0.03695376589894295,
33,2331,,0.05209297314286232,
33,2332,,0.038203686475753784,
33,2333,,0.0347125343978405,
33,2334,,0.03890443593263626,
33,2335,,0.042182669043540955,
33,2336,,0.03462301194667816,
33,2337,,0.03994235396385193,
33,2338,,0.038547005504369736,
33,2339,,0.03693556413054466,
33,2340,,0.033844832330942154,
33,2341,,0.03673708438873291,
33,2342,,0.03494565561413765,
33,2343,,0.038511402904987335,
33,2344,,0.041118644177913666,
33,2345,,0.03263058885931969,
33,2345,,,0.06599509716033936
33,2345,0.03955593332648277,,
34,2346,,0.04906843230128288,
34,2347,,0.03966902941465378,
34,2348,,0.033616989850997925,
34,2349,,0.0470472015440464,
34,2350,,0.03353726863861084,
34,2351,,0.03617064654827118,
34,2352,,0.0374087318778038,
34,2353,,0.04379178583621979,
34,2354,,0.039383284747600555,
34,2355,,0.042732298374176025,
34,2356,,0.05159316956996918,
34,2357,,0.0382516086101532,
34,2358,,0.0355418361723423,
34,2359,,0.04130220785737038,
34,2360,,0.03866889700293541,
34,2361,,0.03878270834684372,
34,2362,,0.03888111561536789,
34,2363,,0.035140372812747955,
34,2364,,0.037839945405721664,
34,2365,,0.05097208172082901,
34,2366,,0.035611607134342194,
34,2367,,0.031381797045469284,
34,2368,,0.03414122015237808,
34,2369,,0.0318131223320961,
34,2370,,0.04615864157676697,
34,2371,,0.04585230350494385,
34,2372,,0.05454239249229431,
34,2373,,0.04755973815917969,
34,2374,,0.044268690049648285,
34,2375,,0.04174578934907913,
34,2376,,0.03632175922393799,
34,2377,,0.0420636348426342,
34,2378,,0.03937393054366112,
34,2379,,0.05057566985487938,
34,2380,,0.04278699308633804,
34,2381,,0.04563632607460022,
34,2382,,0.03384052589535713,
34,2383,,0.037302665412425995,
34,2384,,0.04309617355465889,
34,2385,,0.04453573375940323,
34,2386,,0.031097928062081337,
34,2387,,0.03460265323519707,
34,2388,,0.038475632667541504,
34,2389,,0.03453727811574936,
34,2390,,0.03643234446644783,
34,2391,,0.0318206250667572,
34,2392,,0.03495289385318756,
34,2393,,0.02995997667312622,
34,2394,,0.03876049071550369,
34,2395,,0.03904298320412636,
34,2396,,0.03600179776549339,
34,2397,,0.04263845086097717,
34,2398,,0.039737433195114136,
34,2399,,0.03268561512231827,
34,2400,,0.034796927124261856,
34,2401,,0.041796982288360596,
34,2402,,0.035002969205379486,
34,2403,,0.03232811391353607,
34,2404,,0.03603468835353851,
34,2405,,0.039001692086458206,
34,2406,,0.042249783873558044,
34,2407,,0.0414494164288044,
34,2408,,0.04326119273900986,
34,2409,,0.03529269993305206,
34,2410,,0.03418885916471481,
34,2411,,0.03810248523950577,
34,2412,,0.033922381699085236,
34,2413,,0.03924029320478439,
34,2414,,0.0423528254032135,
34,2414,,,0.07101722806692123
34,2414,0.03920317813754082,,
35,2415,,0.03458577021956444,
35,2416,,0.04105951264500618,
35,2417,,0.03554806858301163,
35,2418,,0.03871571645140648,
35,2419,,0.0420084223151207,
35,2420,,0.04424896091222763,
35,2421,,0.037569910287857056,
35,2422,,0.03407429903745651,
35,2423,,0.046326834708452225,
35,2424,,0.05125049874186516,
35,2425,,0.03588277846574783,
35,2426,,0.03745763376355171,
35,2427,,0.045051440596580505,
35,2428,,0.03414362668991089,
35,2429,,0.038549140095710754,
35,2430,,0.035181835293769836,
35,2431,,0.042154811322689056,
35,2432,,0.03380616009235382,
35,2433,,0.0459478534758091,
35,2434,,0.040547311305999756,
35,2435,,0.033588528633117676,
35,2436,,0.036327652633190155,
35,2437,,0.05277683585882187,
35,2438,,0.035966575145721436,
35,2439,,0.03405512869358063,
35,2440,,0.03746800124645233,
35,2441,,0.04102542623877525,
35,2442,,0.03305122256278992,
35,2443,,0.04976900666952133,
35,2444,,0.039239302277565,
35,2445,,0.03904614597558975,
35,2446,,0.037214480340480804,
35,2447,,0.051817938685417175,
35,2448,,0.03449459746479988,
35,2449,,0.0416596345603466,
35,2450,,0.035485804080963135,
35,2451,,0.039069026708602905,
35,2452,,0.03709800913929939,
35,2453,,0.043469201773405075,
35,2454,,0.033829689025878906,
35,2455,,0.03533828258514404,
35,2456,,0.03843926638364792,
35,2457,,0.03654075786471367,
35,2458,,0.036731380969285965,
35,2459,,0.04392353817820549,
35,2460,,0.03452736884355545,
35,2461,,0.033122528344392776,
35,2462,,0.04438819736242294,
35,2463,,0.04197397828102112,
35,2464,,0.043907295912504196,
35,2465,,0.0380784273147583,
35,2466,,0.04339411109685898,
35,2467,,0.03663143515586853,
35,2468,,0.040022265166044235,
35,2469,,0.046086184680461884,
35,2470,,0.04309729114174843,
35,2471,,0.03864313289523125,
35,2472,,0.03769710659980774,
35,2473,,0.033102940768003464,
35,2474,,0.03793555498123169,
35,2475,,0.030938297510147095,
35,2476,,0.04909670725464821,
35,2477,,0.03936852514743805,
35,2478,,0.056149788200855255,
35,2479,,0.043064363300800323,
35,2480,,0.03666132315993309,
35,2481,,0.03222721442580223,
35,2482,,0.038774654269218445,
35,2483,,0.05204953998327255,
35,2483,,,0.07491829246282578
35,2483,0.03958797827363014,,
36,2484,,0.049816571176052094,
36,2485,,0.03960800915956497,
36,2486,,0.03565564751625061,
36,2487,,0.04417010396718979,
36,2488,,0.04350117966532707,
36,2489,,0.04505009204149246,
36,2490,,0.03495536744594574,
36,2491,,0.041166599839925766,
36,2492,,0.035178493708372116,
36,2493,,0.0447223074734211,
36,2494,,0.03418397903442383,
36,2495,,0.0393931046128273,
36,2496,,0.03887626901268959,
36,2497,,0.036558300256729126,
36,2498,,0.03640897572040558,
36,2499,,0.029840966686606407,
36,2500,,0.0349854901432991,
36,2501,,0.03624039515852928,
36,2502,,0.04176735877990723,
36,2503,,0.035240042954683304,
36,2504,,0.04158156365156174,
36,2505,,0.04581393301486969,
36,2506,,0.04298390448093414,
36,2507,,0.04415610432624817,
36,2508,,0.04328199103474617,
36,2509,,0.042867209762334824,
36,2510,,0.03254609555006027,
36,2511,,0.03975453972816467,
36,2512,,0.033888496458530426,
36,2513,,0.05187397450208664,
36,2514,,0.037475939840078354,
36,2515,,0.03351684287190437,
36,2516,,0.03887400031089783,
36,2517,,0.048728302121162415,
36,2518,,0.03602295741438866,
36,2519,,0.04436305910348892,
36,2520,,0.039588287472724915,
36,2521,,0.03870396688580513,
36,2522,,0.038856666535139084,
36,2523,,0.04293874651193619,
36,2524,,0.04045139625668526,
36,2525,,0.040766432881355286,
36,2526,,0.035599544644355774,
36,2527,,0.03864013031125069,
36,2528,,0.04211048409342766,
36,2529,,0.03718538582324982,
36,2530,,0.03898677974939346,
36,2531,,0.0437844842672348,
36,2532,,0.033499278128147125,
36,2533,,0.0495065376162529,
36,2534,,0.03679528087377548,
36,2535,,0.03788532316684723,
36,2536,,0.034307051450014114,
36,2537,,0.03268209844827652,
36,2538,,0.038228344172239304,
36,2539,,0.04877365007996559,
36,2540,,0.03704926371574402,
36,2541,,0.03546663001179695,
36,2542,,0.037185054272413254,
36,2543,,0.03587929159402847,
36,2544,,0.040981221944093704,
36,2545,,0.042396679520606995,
36,2546,,0.03809507191181183,
36,2547,,0.05520881712436676,
36,2548,,0.035805828869342804,
36,2549,,0.0433620885014534,
36,2550,,0.031767588108778,
36,2551,,0.031633999198675156,
36,2552,,0.027301952242851257,
36,2552,,,0.06668342649936676
36,2552,0.039524152874946594,,
37,2553,,0.04217163473367691,
37,2554,,0.04484887421131134,
37,2555,,0.035927172750234604,
37,2556,,0.03541119396686554,
37,2557,,0.038037028163671494,
37,2558,,0.03635566309094429,
37,2559,,0.040557753294706345,
37,2560,,0.031091371551156044,
37,2561,,0.035859864205121994,
37,2562,,0.03611584007740021,
37,2563,,0.036126065999269485,
37,2564,,0.03095783106982708,
37,2565,,0.04101124405860901,
37,2566,,0.036932725459337234,
37,2567,,0.038183413445949554,
37,2568,,0.050135351717472076,
37,2569,,0.04866139963269234,
37,2570,,0.032229937613010406,
37,2571,,0.03577698394656181,
37,2572,,0.04059470817446709,
37,2573,,0.030063446611166,
37,2574,,0.041045043617486954,
37,2575,,0.04568106681108475,
37,2576,,0.034705087542533875,
37,2577,,0.034276023507118225,
37,2578,,0.039065442979335785,
37,2579,,0.033646270632743835,
37,2580,,0.046035900712013245,
37,2581,,0.036177441477775574,
37,2582,,0.0335041806101799,
37,2583,,0.05017662048339844,
37,2584,,0.03328393027186394,
37,2585,,0.03401714190840721,
37,2586,,0.033061329275369644,
37,2587,,0.03482813015580177,
37,2588,,0.0366414338350296,
37,2589,,0.04296988248825073,
37,2590,,0.03678417205810547,
37,2591,,0.03312503546476364,
37,2592,,0.03507180139422417,
37,2593,,0.035826243460178375,
37,2594,,0.04907890781760216,
37,2595,,0.05197371169924736,
37,2596,,0.0357392355799675,
37,2597,,0.04309147968888283,
37,2598,,0.030150089412927628,
37,2599,,0.035465873777866364,
37,2600,,0.04051438719034195,
37,2601,,0.03623087704181671,
37,2602,,0.034283943474292755,
37,2603,,0.038018230348825455,
37,2604,,0.03511669114232063,
37,2605,,0.035880181938409805,
37,2606,,0.03873325139284134,
37,2607,,0.049110379070043564,
37,2608,,0.03790979087352753,
37,2609,,0.03237926959991455,
37,2610,,0.039128683507442474,
37,2611,,0.03321392089128494,
37,2612,,0.037212956696748734,
37,2613,,0.04510343447327614,
37,2614,,0.04002218320965767,
37,2615,,0.02925008535385132,
37,2616,,0.04062953591346741,
37,2617,,0.032068803906440735,
37,2618,,0.03862510994076729,
37,2619,,0.03558043763041496,
37,2620,,0.03567226976156235,
37,2621,,0.044958047568798065,
37,2621,,,0.06702007353305817
37,2621,0.03791229426860809,,
38,2622,,0.046855196356773376,
38,2623,,0.032655712217092514,
38,2624,,0.03835292160511017,
38,2625,,0.046814218163490295,
38,2626,,0.03592631593346596,
38,2627,,0.03651522099971771,
38,2628,,0.02832050994038582,
38,2629,,0.03896065801382065,
38,2630,,0.03493174538016319,
38,2631,,0.036728426814079285,
38,2632,,0.030223537236452103,
38,2633,,0.039339348673820496,
38,2634,,0.03976528346538544,
38,2635,,0.03452824801206589,
38,2636,,0.034155093133449554,
38,2637,,0.036416225135326385,
38,2638,,0.039168406277894974,
38,2639,,0.04430887848138809,
38,2640,,0.026999052613973618,
38,2641,,0.040197644382715225,
38,2642,,0.0450129434466362,
38,2643,,0.03546920791268349,
38,2644,,0.03946780413389206,
38,2645,,0.03940421715378761,
38,2646,,0.03609917685389519,
38,2647,,0.031177593395113945,
38,2648,,0.03397471457719803,
38,2649,,0.03573405742645264,
38,2650,,0.03440236300230026,
38,2651,,0.03511130064725876,
38,2652,,0.03198849782347679,
38,2653,,0.034903109073638916,
38,2654,,0.03387095034122467,
38,2655,,0.03386975824832916,
38,2656,,0.046351440250873566,
38,2657,,0.035336121916770935,
38,2658,,0.035232916474342346,
38,2659,,0.04178348556160927,
38,2660,,0.03275410085916519,
38,2661,,0.03846165910363197,
38,2662,,0.0368894562125206,
38,2663,,0.03608608990907669,
38,2664,,0.03877098113298416,
38,2665,,0.03503917530179024,
38,2666,,0.04627037048339844,
38,2667,,0.04799448698759079,
38,2668,,0.04518282786011696,
38,2669,,0.03501109778881073,
38,2670,,0.03418852761387825,
38,2671,,0.04015033319592476,
38,2672,,0.041319385170936584,
38,2673,,0.0371319018304348,
38,2674,,0.036289624869823456,
38,2675,,0.036766935139894485,
38,2676,,0.04100041463971138,
38,2677,,0.035326775163412094,
38,2678,,0.04081649333238602,
38,2679,,0.035602327436208725,
38,2680,,0.042706627398729324,
38,2681,,0.05201803147792816,
38,2682,,0.03430304676294327,
38,2683,,0.04007762297987938,
38,2684,,0.030969705432653427,
38,2685,,0.03719068318605423,
38,2686,,0.03168094530701637,
38,2687,,0.03729911148548126,
38,2688,,0.0356418713927269,
38,2689,,0.04084083437919617,
38,2690,,0.07645602524280548,
38,2690,,,0.0632903128862381
38,2690,0.037632156163454056,,
39,2691,,0.03653104230761528,
39,2692,,0.03805144131183624,
39,2693,,0.036863621324300766,
39,2694,,0.037340786308050156,
39,2695,,0.03395619988441467,
39,2696,,0.03881566599011421,
39,2697,,0.03610960766673088,
39,2698,,0.0438876673579216,
39,2699,,0.03698345646262169,
39,2700,,0.04279717057943344,
39,2701,,0.037298478186130524,
39,2702,,0.037212494760751724,
39,2703,,0.04070953279733658,
39,2704,,0.03109608218073845,
39,2705,,0.04209648445248604,
39,2706,,0.03345126658678055,
39,2707,,0.031652651727199554,
39,2708,,0.03219037130475044,
39,2709,,0.04255789518356323,
39,2710,,0.03573565185070038,
39,2711,,0.04211675003170967,
39,2712,,0.03934109956026077,
39,2713,,0.03097718022763729,
39,2714,,0.0370415523648262,
39,2715,,0.03771045804023743,
39,2716,,0.03635156899690628,
39,2717,,0.037101924419403076,
39,2718,,0.03546077758073807,
39,2719,,0.0326295830309391,
39,2720,,0.03676817566156387,
39,2721,,0.035346463322639465,
39,2722,,0.0348939448595047,
39,2723,,0.037844300270080566,
39,2724,,0.029723860323429108,
39,2725,,0.036539170891046524,
39,2726,,0.038025304675102234,
39,2727,,0.03499922156333923,
39,2728,,0.036048755049705505,
39,2729,,0.03331800922751427,
39,2730,,0.034596361219882965,
39,2731,,0.033407654613256454,
39,2732,,0.03516998887062073,
39,2733,,0.04369613900780678,
39,2734,,0.04328290373086929,
39,2735,,0.039169371128082275,
39,2736,,0.04276694357395172,
39,2737,,0.03905694931745529,
39,2738,,0.04803825169801712,
39,2739,,0.03919213265180588,
39,2740,,0.034766558557748795,
39,2741,,0.03578601032495499,
39,2742,,0.03849960118532181,
39,2743,,0.037728894501924515,
39,2744,,0.03242327272891998,
39,2745,,0.04592631757259369,
39,2746,,0.03434055671095848,
39,2747,,0.06032660976052284,
39,2748,,0.03322788327932358,
39,2749,,0.03286127746105194,
39,2750,,0.031190447509288788,
39,2751,,0.039306316524744034,
39,2752,,0.04008132964372635,
39,2753,,0.040613267570734024,
39,2754,,0.0329635851085186,
39,2755,,0.03316636383533478,
39,2756,,0.03712693974375725,
39,2757,,0.03157453238964081,
39,2758,,0.038961123675107956,
39,2759,,0.05463917553424835,
39,2759,,,0.06293649226427078
39,2759,0.037338029593229294,,
40,2760,,0.0443245954811573,
40,2761,,0.033643100410699844,
40,2762,,0.03888297826051712,
40,2763,,0.03911587595939636,
40,2764,,0.04630673676729202,
40,2765,,0.03373115882277489,
40,2766,,0.03019947186112404,
40,2767,,0.03299972414970398,
40,2768,,0.030257465317845345,
40,2769,,0.04159443825483322,
40,2770,,0.043220825493335724,
40,2771,,0.03360500931739807,
40,2772,,0.04093851521611214,
40,2773,,0.0357092022895813,
40,2774,,0.0372341051697731,
40,2775,,0.043179720640182495,
40,2776,,0.03448214381933212,
40,2777,,0.03453308716416359,
40,2778,,0.03737505525350571,
40,2779,,0.04053500294685364,
40,2780,,0.03741037845611572,
40,2781,,0.04356817901134491,
40,2782,,0.040580615401268005,
40,2783,,0.03961874544620514,
40,2784,,0.03388729691505432,
40,2785,,0.04037048667669296,
40,2786,,0.03173801675438881,
40,2787,,0.031194452196359634,
40,2788,,0.029553059488534927,
40,2789,,0.03128362447023392,
40,2790,,0.03472454845905304,
40,2791,,0.034978728741407394,
40,2792,,0.048982616513967514,
40,2793,,0.036813098937273026,
40,2794,,0.03349297493696213,
40,2795,,0.054487086832523346,
40,2796,,0.046018119901418686,
40,2797,,0.03626038506627083,
40,2798,,0.03474721312522888,
40,2799,,0.03390659764409065,
40,2800,,0.035367581993341446,
40,2801,,0.03618916869163513,
40,2802,,0.03947079926729202,
40,2803,,0.04226834699511528,
40,2804,,0.04258992150425911,
40,2805,,0.037064000964164734,
40,2806,,0.033644430339336395,
40,2807,,0.029406437650322914,
40,2808,,0.045564357191324234,
40,2809,,0.054795268923044205,
40,2810,,0.036336660385131836,
40,2811,,0.03001214936375618,
40,2812,,0.03336780518293381,
40,2813,,0.0379713736474514,
40,2814,,0.03598051890730858,
40,2815,,0.03985356539487839,
40,2816,,0.03261522948741913,
40,2817,,0.03784187138080597,
40,2818,,0.03192300349473953,
40,2819,,0.044207584112882614,
40,2820,,0.035202182829380035,
40,2821,,0.028345296159386635,
40,2822,,0.03264183551073074,
40,2823,,0.0336446538567543,
40,2824,,0.03876807540655136,
40,2825,,0.0369265116751194,
40,2826,,0.03298192843794823,
40,2827,,0.05016697198152542,
40,2828,,0.03337046504020691,
40,2828,,,0.06808483600616455
40,2828,0.03750170022249222,,
41,2829,,0.04015855863690376,
41,2830,,0.03747592121362686,
41,2831,,0.03953293710947037,
41,2832,,0.03523121029138565,
41,2833,,0.035376742482185364,
41,2834,,0.04059258848428726,
41,2835,,0.05115479975938797,
41,2836,,0.035749368369579315,
41,2837,,0.034336794167757034,
41,2838,,0.034256402403116226,
41,2839,,0.03351779282093048,
41,2840,,0.035999733954668045,
41,2841,,0.031674645841121674,
41,2842,,0.042263828217983246,
41,2843,,0.042669106274843216,
41,2844,,0.04067126289010048,
41,2845,,0.040300194174051285,
41,2846,,0.04204944893717766,
41,2847,,0.03243831917643547,
41,2848,,0.03207932040095329,
41,2849,,0.03307780250906944,
41,2850,,0.04094312712550163,
41,2851,,0.038328010588884354,
41,2852,,0.03979409486055374,
41,2853,,0.03724706545472145,
41,2854,,0.035796068608760834,
41,2855,,0.038476862013339996,
41,2856,,0.03572399914264679,
41,2857,,0.0407010018825531,
41,2858,,0.04710662364959717,
41,2859,,0.03262896463274956,
41,2860,,0.03560885041952133,
41,2861,,0.041499484330415726,
41,2862,,0.037302687764167786,
41,2863,,0.0361955501139164,
41,2864,,0.03451972082257271,
41,2865,,0.038729678839445114,
41,2866,,0.0313434898853302,
41,2867,,0.034271348267793655,
41,2868,,0.038667816668748856,
41,2869,,0.041516609489917755,
41,2870,,0.03132299706339836,
41,2871,,0.03066878393292427,
41,2872,,0.03391258791089058,
41,2873,,0.037213921546936035,
41,2874,,0.03777998685836792,
41,2875,,0.04162682592868805,
41,2876,,0.052140362560749054,
41,2877,,0.03275616094470024,
41,2878,,0.036088019609451294,
41,2879,,0.038778290152549744,
41,2880,,0.040260374546051025,
41,2881,,0.0421447791159153,
41,2882,,0.03182051703333855,
41,2883,,0.033116664737463,
41,2884,,0.034484297037124634,
41,2885,,0.035648196935653687,
41,2886,,0.04572780802845955,
41,2887,,0.028840526938438416,
41,2888,,0.040790438652038574,
41,2889,,0.03473135828971863,
41,2890,,0.036445148289203644,
41,2891,,0.04244033992290497,
41,2892,,0.043245647102594376,
41,2893,,0.03145122900605202,
41,2894,,0.0318288654088974,
41,2895,,0.043093279004096985,
41,2896,,0.037716612219810486,
41,2897,,0.04394739493727684,
41,2897,,,0.06606525927782059
41,2897,0.03755706921219826,,
42,2898,,0.03014281578361988,
42,2899,,0.03685644268989563,
42,2900,,0.04017525166273117,
42,2901,,0.03813852369785309,
42,2902,,0.03588598221540451,
42,2903,,0.02978179231286049,
42,2904,,0.03492918238043785,
42,2905,,0.041947148740291595,
42,2906,,0.04096604511141777,
42,2907,,0.0343625433743,
42,2908,,0.059238143265247345,
42,2909,,0.036929354071617126,
42,2910,,0.04259400814771652,
42,2911,,0.04208483546972275,
42,2912,,0.03994989022612572,
42,2913,,0.038135185837745667,
42,2914,,0.03959696739912033,
42,2915,,0.04200266674160957,
42,2916,,0.03168158605694771,
42,2917,,0.044470515102148056,
42,2918,,0.0334760844707489,
42,2919,,0.035893794149160385,
42,2920,,0.031454041600227356,
42,2921,,0.0360555462539196,
42,2922,,0.034099332988262177,
42,2923,,0.03340302035212517,
42,2924,,0.036877185106277466,
42,2925,,0.03896445780992508,
42,2926,,0.036998067051172256,
42,2927,,0.036099039018154144,
42,2928,,0.02856435254216194,
42,2929,,0.030316436663269997,
42,2930,,0.029887979850172997,
42,2931,,0.031195126473903656,
42,2932,,0.04832988977432251,
42,2933,,0.03234970569610596,
42,2934,,0.02755279466509819,
42,2935,,0.0380912609398365,
42,2936,,0.03597257286310196,
42,2937,,0.033627983182668686,
42,2938,,0.03562865033745766,
42,2939,,0.04155717045068741,
42,2940,,0.03198784217238426,
42,2941,,0.04324318468570709,
42,2942,,0.04292138293385506,
42,2943,,0.03323028236627579,
42,2944,,0.033742792904376984,
42,2945,,0.03892698884010315,
42,2946,,0.032871682196855545,
42,2947,,0.03175458312034607,
42,2948,,0.034696612507104874,
42,2949,,0.042253606021404266,
42,2950,,0.03169715404510498,
42,2951,,0.03175576776266098,
42,2952,,0.04349112510681152,
42,2953,,0.03220904618501663,
42,2954,,0.0345027931034565,
42,2955,,0.0340975746512413,
42,2956,,0.03892581909894943,
42,2957,,0.04090036451816559,
42,2958,,0.032702624797821045,
42,2959,,0.032176531851291656,
42,2960,,0.03556239977478981,
42,2961,,0.030609987676143646,
42,2962,,0.033494733273983,
42,2963,,0.04166974872350693,
42,2964,,0.030239205807447433,
42,2965,,0.03634887561202049,
42,2966,,0.07262707501649857,
42,2966,,,0.06409822404384613
42,2966,0.036423567682504654,,
43,2967,,0.03533495217561722,
43,2968,,0.03447682410478592,
43,2969,,0.043603621423244476,
43,2970,,0.03293553739786148,
43,2971,,0.030721282586455345,
43,2972,,0.0356861874461174,
43,2973,,0.04098299890756607,
43,2974,,0.035993825644254684,
43,2975,,0.034749552607536316,
43,2976,,0.03623492643237114,
43,2977,,0.03241599723696709,
43,2978,,0.03287379443645477,
43,2979,,0.04146164283156395,
43,2980,,0.04712408408522606,
43,2981,,0.03616820275783539,
43,2982,,0.033675167709589005,
43,2983,,0.03665737062692642,
43,2984,,0.04137016087770462,
43,2985,,0.037169210612773895,
43,2986,,0.031969305127859116,
43,2987,,0.03907974809408188,
43,2988,,0.03821825981140137,
43,2989,,0.03952924162149429,
43,2990,,0.03169208765029907,
43,2991,,0.03246483951807022,
43,2992,,0.03725182265043259,
43,2993,,0.0397321991622448,
43,2994,,0.04009941220283508,
43,2995,,0.032067425549030304,
43,2996,,0.038049764931201935,
43,2997,,0.03331238403916359,
43,2998,,0.037581779062747955,
43,2999,,0.0349532812833786,
43,3000,,0.029272034764289856,
43,3001,,0.031155584380030632,
43,3002,,0.036331430077552795,
43,3003,,0.04008176550269127,
43,3004,,0.03169579803943634,
43,3005,,0.043760038912296295,
43,3006,,0.03407500684261322,
43,3007,,0.038904301822185516,
43,3008,,0.0348353385925293,
43,3009,,0.03731253743171692,
43,3010,,0.049253784120082855,
43,3011,,0.03531298041343689,
43,3012,,0.036909934133291245,
43,3013,,0.02848493866622448,
43,3014,,0.036242544651031494,
43,3015,,0.03672586381435394,
43,3016,,0.03580304980278015,
43,3017,,0.03599388152360916,
43,3018,,0.03685563802719116,
43,3019,,0.03487052768468857,
43,3020,,0.037113986909389496,
43,3021,,0.03843015059828758,
43,3022,,0.03253752738237381,
43,3023,,0.033916931599378586,
43,3024,,0.030784972012043,
43,3025,,0.03088511899113655,
43,3026,,0.04248370975255966,
43,3027,,0.044439226388931274,
43,3028,,0.034588754177093506,
43,3029,,0.04352916032075882,
43,3030,,0.03800129517912865,
43,3031,,0.03474562615156174,
43,3032,,0.048393525183200836,
43,3033,,0.03257133811712265,
43,3034,,0.03623116761445999,
43,3035,,0.03059311956167221,
43,3035,,,0.06353256106376648
43,3035,0.03657969459891319,,
44,3036,,0.03415264934301376,
44,3037,,0.04093832150101662,
44,3038,,0.031116947531700134,
44,3039,,0.04527374356985092,
44,3040,,0.03511808440089226,
44,3041,,0.03909970074892044,
44,3042,,0.03970882296562195,
44,3043,,0.03520695120096207,
44,3044,,0.0393877737224102,
44,3045,,0.0374414399266243,
44,3046,,0.04324525594711304,
44,3047,,0.035078536719083786,
44,3048,,0.03554185852408409,
44,3049,,0.03399761766195297,
44,3050,,0.03490779548883438,
44,3051,,0.0352059006690979,
44,3052,,0.03509148955345154,
44,3053,,0.03119661659002304,
44,3054,,0.03090580180287361,
44,3055,,0.028426002711057663,
44,3056,,0.036268461495637894,
44,3057,,0.032462090253829956,
44,3058,,0.03955001384019852,
44,3059,,0.03775861859321594,
44,3060,,0.03504926338791847,
44,3061,,0.03755643591284752,
44,3062,,0.03855552524328232,
44,3063,,0.03537777066230774,
44,3064,,0.04154074937105179,
44,3065,,0.03931758925318718,
44,3066,,0.042324453592300415,
44,3067,,0.032055359333753586,
44,3068,,0.03659353405237198,
44,3069,,0.037437040358781815,
44,3070,,0.03674202412366867,
44,3071,,0.03598029911518097,
44,3072,,0.03489340841770172,
44,3073,,0.03647899627685547,
44,3074,,0.0354406014084816,
44,3075,,0.03710990399122238,
44,3076,,0.03421961888670921,
44,3077,,0.0335465669631958,
44,3078,,0.03978933021426201,
44,3079,,0.03726816177368164,
44,3080,,0.03521204739809036,
44,3081,,0.03529380261898041,
44,3082,,0.031050022691488266,
44,3083,,0.03064236044883728,
44,3084,,0.03228335827589035,
44,3085,,0.029638953506946564,
44,3086,,0.047565728425979614,
44,3087,,0.049088820815086365,
44,3088,,0.036363307386636734,
44,3089,,0.03984913229942322,
44,3090,,0.049945540726184845,
44,3091,,0.03937225416302681,
44,3092,,0.047821931540966034,
44,3093,,0.037159956991672516,
44,3094,,0.03841181844472885,
44,3095,,0.03999956697225571,
44,3096,,0.02925189584493637,
44,3097,,0.040755078196525574,
44,3098,,0.04400075227022171,
44,3099,,0.037338271737098694,
44,3100,,0.0383649505674839,
44,3101,,0.03139789029955864,
44,3102,,0.043005090206861496,
44,3103,,0.02964751049876213,
44,3104,,0.04985790327191353,
44,3104,,,0.06544621288776398
44,3104,0.037050262093544006,,
45,3105,,0.0438760444521904,
45,3106,,0.03586237505078316,
45,3107,,0.0387752465903759,
45,3108,,0.04294725880026817,
45,3109,,0.03669295459985733,
45,3110,,0.04436240345239639,
45,3111,,0.04464992135763168,
45,3112,,0.03642347455024719,
45,3113,,0.04048771783709526,
45,3114,,0.038178883492946625,
45,3115,,0.037463001906871796,
45,3116,,0.03989803045988083,
45,3117,,0.03538434952497482,
45,3118,,0.043890226632356644,
45,3119,,0.036641962826251984,
45,3120,,0.03519632667303085,
45,3121,,0.031868718564510345,
45,3122,,0.041747476905584335,
45,3123,,0.03056187927722931,
45,3124,,0.03598684072494507,
45,3125,,0.03633339703083038,
45,3126,,0.03595026209950447,
45,3127,,0.03463605046272278,
45,3128,,0.04216516390442848,
45,3129,,0.033679090440273285,
45,3130,,0.04344611614942551,
45,3131,,0.03201938048005104,
45,3132,,0.03813227638602257,
45,3133,,0.029481355100870132,
45,3134,,0.03573443740606308,
45,3135,,0.0339718759059906,
45,3136,,0.031191857531666756,
45,3137,,0.032588064670562744,
45,3138,,0.03356873616576195,
45,3139,,0.04135153442621231,
45,3140,,0.03300807625055313,
45,3141,,0.03473276272416115,
45,3142,,0.031736355274915695,
45,3143,,0.03817334771156311,
45,3144,,0.03422589227557182,
45,3145,,0.0337931290268898,
45,3146,,0.028739433735609055,
45,3147,,0.029768038541078568,
45,3148,,0.0384756438434124,
45,3149,,0.03175228089094162,
45,3150,,0.02613110840320587,
45,3151,,0.03428776562213898,
45,3152,,0.04138771444559097,
45,3153,,0.03870420902967453,
45,3154,,0.04050013795495033,
45,3155,,0.03686320409178734,
45,3156,,0.03455635532736778,
45,3157,,0.0384659469127655,
45,3158,,0.04189244657754898,
45,3159,,0.03743963688611984,
45,3160,,0.05238553509116173,
45,3161,,0.0354338102042675,
45,3162,,0.04026757925748825,
45,3163,,0.035017672926187515,
45,3164,,0.029302220791578293,
45,3165,,0.029363274574279785,
45,3166,,0.03408658877015114,
45,3167,,0.0398150309920311,
45,3168,,0.03399966284632683,
45,3169,,0.05000589042901993,
45,3170,,0.03482357785105705,
45,3171,,0.03412894159555435,
45,3172,,0.026974335312843323,
45,3173,,0.04284382238984108,
45,3173,,,0.0635346993803978
45,3173,0.03656129539012909,,
46,3174,,0.037167470902204514,
46,3175,,0.03404318913817406,
46,3176,,0.03754571080207825,
46,3177,,0.03091556206345558,
46,3178,,0.036701977252960205,
46,3179,,0.042834702879190445,
46,3180,,0.038274385035037994,
46,3181,,0.0336264930665493,
46,3182,,0.03598802909255028,
46,3183,,0.03532840684056282,
46,3184,,0.03551165759563446,
46,3185,,0.03461340442299843,
46,3186,,0.03435717150568962,
46,3187,,0.03926083445549011,
46,3188,,0.04159529507160187,
46,3189,,0.029642987996339798,
46,3190,,0.04063555225729942,
46,3191,,0.03347688913345337,
46,3192,,0.03571123257279396,
46,3193,,0.03316224366426468,
46,3194,,0.046867337077856064,
46,3195,,0.029678950086236,
46,3196,,0.03360562026500702,
46,3197,,0.031028708443045616,
46,3198,,0.03527288883924484,
46,3199,,0.03574853390455246,
46,3200,,0.03467442840337753,
46,3201,,0.028732657432556152,
46,3202,,0.03459516167640686,
46,3203,,0.04091382026672363,
46,3204,,0.03251785412430763,
46,3205,,0.03443796932697296,
46,3206,,0.03277178481221199,
46,3207,,0.031046748161315918,
46,3208,,0.03700941801071167,
46,3209,,0.035985998809337616,
46,3210,,0.031886957585811615,
46,3211,,0.03319348394870758,
46,3212,,0.03940504789352417,
46,3213,,0.038254596292972565,
46,3214,,0.04030470550060272,
46,3215,,0.03105778992176056,
46,3216,,0.03442102670669556,
46,3217,,0.028305958956480026,
46,3218,,0.03580489009618759,
46,3219,,0.03091546706855297,
46,3220,,0.03417177125811577,
46,3221,,0.030971873551607132,
46,3222,,0.040586281567811966,
46,3223,,0.045222632586956024,
46,3224,,0.032131295651197433,
46,3225,,0.029573749750852585,
46,3226,,0.03798064589500427,
46,3227,,0.03329144045710564,
46,3228,,0.03855464980006218,
46,3229,,0.03263745829463005,
46,3230,,0.032630372792482376,
46,3231,,0.040627725422382355,
46,3232,,0.04069308564066887,
46,3233,,0.034317631274461746,
46,3234,,0.034298840910196304,
46,3235,,0.029726706445217133,
46,3236,,0.039654120802879333,
46,3237,,0.03831427916884422,
46,3238,,0.04688762128353119,
46,3239,,0.03575475513935089,
46,3240,,0.03158103674650192,
46,3241,,0.03716503083705902,
46,3242,,0.03329925611615181,
46,3242,,,0.06372605264186859
46,3242,0.03551950678229332,,
47,3243,,0.030587436631321907,
47,3244,,0.031736891716718674,
47,3245,,0.03594151884317398,
47,3246,,0.0406184121966362,
47,3247,,0.037267055362463,
47,3248,,0.0313851498067379,
47,3249,,0.03729373589158058,
47,3250,,0.03589402884244919,
47,3251,,0.028317511081695557,
47,3252,,0.03421658277511597,
47,3253,,0.04579288884997368,
47,3254,,0.03596455231308937,
47,3255,,0.03430786356329918,
47,3256,,0.04063309356570244,
47,3257,,0.030943918973207474,
47,3258,,0.040536459535360336,
47,3259,,0.03174808621406555,
47,3260,,0.04083289951086044,
47,3261,,0.03149526193737984,
47,3262,,0.03234180435538292,
47,3263,,0.0296170674264431,
47,3264,,0.032857853919267654,
47,3265,,0.03635970130562782,
47,3266,,0.03621185943484306,
47,3267,,0.037156302481889725,
47,3268,,0.03144258260726929,
47,3269,,0.03226839005947113,
47,3270,,0.03566000238060951,
47,3271,,0.03584124892950058,
47,3272,,0.034404903650283813,
47,3273,,0.03253433480858803,
47,3274,,0.037073783576488495,
47,3275,,0.03525266796350479,
47,3276,,0.040062762796878815,
47,3277,,0.041512735188007355,
47,3278,,0.030539192259311676,
47,3279,,0.03859787806868553,
47,3280,,0.03291480243206024,
47,3281,,0.04006758704781532,
47,3282,,0.04612739756703377,
47,3283,,0.03230517730116844,
47,3284,,0.04776281490921974,
47,3285,,0.037175633013248444,
47,3286,,0.03523992747068405,
47,3287,,0.03468989580869675,
47,3288,,0.035586293786764145,
47,3289,,0.03458302468061447,
47,3290,,0.03164557367563248,
47,3291,,0.0490214005112648,
47,3292,,0.0457136332988739,
47,3293,,0.03332812339067459,
47,3294,,0.03171709179878235,
47,3295,,0.03186085820198059,
47,3296,,0.031008969992399216,
47,3297,,0.033438459038734436,
47,3298,,0.030244912952184677,
47,3299,,0.03717578947544098,
47,3300,,0.03482670709490776,
47,3301,,0.03931306302547455,
47,3302,,0.03549477458000183,
47,3303,,0.03574712947010994,
47,3304,,0.029772013425827026,
47,3305,,0.03062514401972294,
47,3306,,0.03761664405465126,
47,3307,,0.03189169615507126,
47,3308,,0.032975539565086365,
47,3309,,0.03377169743180275,
47,3310,,0.03771235793828964,
47,3311,,0.04673352092504501,
47,3311,,,0.0624852292239666
47,3311,0.03555880859494209,,
48,3312,,0.039500631392002106,
48,3313,,0.0473068505525589,
48,3314,,0.032258354127407074,
48,3315,,0.030879536643624306,
48,3316,,0.03739466145634651,
48,3317,,0.031022977083921432,
48,3318,,0.03349737450480461,
48,3319,,0.028685498982667923,
48,3320,,0.03304198384284973,
48,3321,,0.02905074506998062,
48,3322,,0.0428684763610363,
48,3323,,0.03201495110988617,
48,3324,,0.03949536383152008,
48,3325,,0.031728729605674744,
48,3326,,0.039897531270980835,
48,3327,,0.0360259972512722,
48,3328,,0.04138209670782089,
48,3329,,0.03712838143110275,
48,3330,,0.038186125457286835,
48,3331,,0.03319977968931198,
48,3332,,0.0325019508600235,
48,3333,,0.03478051722049713,
48,3334,,0.03498757258057594,
48,3335,,0.0376102551817894,
48,3336,,0.04341290891170502,
48,3337,,0.040375616401433945,
48,3338,,0.03170357644557953,
48,3339,,0.04486139491200447,
48,3340,,0.037553682923316956,
48,3341,,0.03222502022981644,
48,3342,,0.03557315841317177,
48,3343,,0.03512629121541977,
48,3344,,0.03304929658770561,
48,3345,,0.034319858998060226,
48,3346,,0.04290900006890297,
48,3347,,0.03255831077694893,
48,3348,,0.03357997536659241,
48,3349,,0.03570069745182991,
48,3350,,0.03537768870592117,
48,3351,,0.03179788216948509,
48,3352,,0.030088873580098152,
48,3353,,0.04605679214000702,
48,3354,,0.028979850932955742,
48,3355,,0.03235003352165222,
48,3356,,0.03398245573043823,
48,3357,,0.035306207835674286,
48,3358,,0.03416713699698448,
48,3359,,0.03338449448347092,
48,3360,,0.030715692788362503,
48,3361,,0.036170464009046555,
48,3362,,0.03387519344687462,
48,3363,,0.051390375941991806,
48,3364,,0.03535931557416916,
48,3365,,0.036823250353336334,
48,3366,,0.03444068506360054,
48,3367,,0.04573395103216171,
48,3368,,0.036881692707538605,
48,3369,,0.03275477886199951,
48,3370,,0.029839010909199715,
48,3371,,0.03246888145804405,
48,3372,,0.030072098597884178,
48,3373,,0.034501779824495316,
48,3374,,0.0374450646340847,
48,3375,,0.030661195516586304,
48,3376,,0.03150850534439087,
48,3377,,0.03982327878475189,
48,3378,,0.03276016563177109,
48,3379,,0.03138107806444168,
48,3380,,0.04188636690378189,
48,3380,,,0.06701773405075073
48,3380,0.035504281520843506,,
49,3381,,0.03786525875329971,
49,3382,,0.0388750322163105,
49,3383,,0.037054941058158875,
49,3384,,0.03239942342042923,
49,3385,,0.03246989846229553,
49,3386,,0.028543580323457718,
49,3387,,0.02938578650355339,
49,3388,,0.03831455856561661,
49,3389,,0.026171211153268814,
49,3390,,0.0343591570854187,
49,3391,,0.0435357391834259,
49,3392,,0.03575276583433151,
49,3393,,0.028173957020044327,
49,3394,,0.030193360522389412,
49,3395,,0.02929827570915222,
49,3396,,0.03940897062420845,
49,3397,,0.04374974966049194,
49,3398,,0.04002142325043678,
49,3399,,0.0350809171795845,
49,3400,,0.0384356752038002,
49,3401,,0.04660360515117645,
49,3402,,0.033983487635850906,
49,3403,,0.03093891032040119,
49,3404,,0.03690201789140701,
49,3405,,0.04019740968942642,
49,3406,,0.029531119391322136,
49,3407,,0.040268220007419586,
49,3408,,0.02887803129851818,
49,3409,,0.039139680564403534,
49,3410,,0.029191818088293076,
49,3411,,0.03738059103488922,
49,3412,,0.03834618628025055,
49,3413,,0.03595693036913872,
49,3414,,0.03818022459745407,
49,3415,,0.03247909992933273,
49,3416,,0.032071564346551895,
49,3417,,0.03748736158013344,
49,3418,,0.032906077802181244,
49,3419,,0.04592497646808624,
49,3420,,0.0421452671289444,
49,3421,,0.031658753752708435,
49,3422,,0.03587603196501732,
49,3423,,0.035114627331495285,
49,3424,,0.03743193671107292,
49,3425,,0.046194661408662796,
49,3426,,0.03212156146764755,
49,3427,,0.03317791968584061,
49,3428,,0.03348392993211746,
49,3429,,0.03519505262374878,
49,3430,,0.03506268933415413,
49,3431,,0.030949614942073822,
49,3432,,0.03152228146791458,
49,3433,,0.03659023344516754,
49,3434,,0.034816350787878036,
49,3435,,0.0396883562207222,
49,3436,,0.03423546254634857,
49,3437,,0.029187042266130447,
49,3438,,0.03330424055457115,
49,3439,,0.03300086408853531,
49,3440,,0.03272988647222519,
49,3441,,0.029031317681074142,
49,3442,,0.03128693997859955,
49,3443,,0.043361637741327286,
49,3444,,0.05243059992790222,
49,3445,,0.029794618487358093,
49,3446,,0.02963380515575409,
49,3447,,0.027505485340952873,
49,3448,,0.03622547164559364,
49,3449,,0.06265626847743988,
49,3449,,,0.0649987980723381
49,3449,0.03531811013817787,,
