epoch,step,train_loss,val_loss
0,114,,1.4303381443023682
0,114,1.7075046300888062,
1,229,,1.2353368997573853
1,229,1.309084415435791,
2,344,,1.1565402746200562
2,344,1.228244662284851,
3,459,,1.2021105289459229
3,459,1.1688491106033325,
4,574,,1.3642381429672241
4,574,1.1361819505691528,
