epoch,step,train_loss,val_loss
0,114,,1.545470118522644
0,114,1.8790309429168701,
1,229,,1.400620698928833
1,229,1.4902865886688232,
2,344,,1.4592742919921875
2,344,1.424302101135254,
3,459,,1.3357493877410889
3,459,1.3690122365951538,
4,574,,1.2891511917114258
4,574,1.327864170074463,
