epoch,step,train_loss,val_loss
0,114,,0.41419655084609985
0,114,0.4645029604434967,
1,229,,7.040285110473633
1,229,0.3044296205043793,
2,344,,0.25863373279571533
2,344,0.28416624665260315,
3,459,,0.2725624144077301
3,459,0.2669050395488739,
4,574,,0.22002291679382324
4,574,0.2524762749671936,
