epoch,step,train_loss,val_loss
0,114,,0.2988429069519043
0,114,0.4663814902305603,
1,229,,0.2824796736240387
1,229,0.2999420762062073,
2,344,,0.2675032317638397
2,344,0.2649432122707367,
3,459,,0.32498130202293396
3,459,0.24379165470600128,
4,574,,0.28291717171669006
4,574,0.23109957575798035,
