epoch,step,train_loss,val_loss
0,114,,0.37606340646743774
0,114,0.47826552391052246,
1,229,,0.35543498396873474
1,229,0.3025341033935547,
2,344,,0.24463818967342377
2,344,0.27564331889152527,
3,459,,0.2744792401790619
3,459,0.2584006190299988,
4,574,,0.2661072015762329
4,574,0.2453327476978302,
